Step,Path_0,Path_1,Path_2,Path_3,Path_4,Path_5,Path_6,Path_7,Path_8,Path_9,Path_10,Path_11,Path_12,Path_13,Path_14,Path_15,Path_16,Path_17,Path_18,Path_19,Path_20,Path_21,Path_22,Path_23,Path_24,Path_25,Path_26,Path_27,Path_28,Path_29,Path_30,Path_31,Path_32,Path_33,Path_34,Path_35,Path_36,Path_37,Path_38,Path_39,Path_40,Path_41,Path_42,Path_43,Path_44,Path_45,Path_46,Path_47,Path_48,Path_49
0,100,100,100,100,100,100,100,100,100,100,100,100,100,100,100,100,100,100,100,100,100,100,100,100,100,100,100,100,100,100,100,100,100,100,100,100,100,100,100,100,100,100,100,100,100,100,100,100,100,100
1,100.938,101.225,99.9524,99.7655,99.4144,101.609,99.7026,99.8658,99.6173,101.331,99.3961,99.7702,100.188,99.0717,102.79,100.613,96.9058,98.1185,98.6563,99.1195,99.7131,98.542,96.685,99.2503,97.1316,100.576,99.8029,102.017,100.243,99.0657,99.904,100.13,101.259,99.5186,99.5513,101.927,102.246,99.1809,98.46,100.23,97.8024,100.245,102.495,98.7199,99.2663,101.546,99.4869,100.041,99.3333,99.4678
2,102.644,99.84,101.289,100.978,98.2865,100.012,99.891,99.9682,99.1779,100.619,99.0087,99.053,100.225,100.176,102.845,101.831,98.9608,97.2222,98.8241,99.6825,99.0399,100.019,97.8847,99.7263,98.7542,101.072,100.564,101.278,100.624,97.8662,98.6754,96.0767,100.369,98.8774,99.7858,102.724,101.418,98.7861,99.1143,97.3768,97.7488,102.519,103.117,102.038,107.634,102.501,98.5754,99.5425,98.6332,100.51
3,100.253,99.7015,101.34,101.39,98.0881,99.6549,99.7904,97.3886,100.001,99.2585,98.0054,100.218,102.416,98.5088,101.576,102.799,98.1789,97.6414,99.9744,99.4215,99.1054,99.736,97.4539,98.5508,97.4157,102.648,103.022,98.1524,99.8191,97.1209,97.5757,99.2835,100.912,96.9518,97.9693,99.7967,99.4406,100.081,99.2435,95.6728,98.7052,102.725,101.138,101.901,106.383,101.751,97.2245,99.7972,98.7343,100.181
4,101.722,97.8655,102.131,102.905,98.2258,100.347,99.6382,96.1863,101.64,101.24,97.6523,102.163,101.258,98.0237,101.045,102.172,97.9248,97.6952,102.467,99.4346,98.7879,101.084,95.7502,98.098,96.3571,103.351,104.623,98.9854,100.184,97.6732,97.7434,100.6,99.8062,97.5386,98.8554,99.7735,98.4765,101.566,101.789,94.9342,98.3473,101.623,101.197,102.65,104.502,103.301,98.8746,99.0921,100.357,99.3242
5,101.788,99.5291,103.645,101.522,96.8985,101.315,102.399,96.6108,101.863,101.295,97.0307,103.341,102.109,98.9381,99.6104,102.936,99.6916,96.4384,100.743,101.304,101.335,100.698,95.4018,97.6738,95.5821,102.915,105.046,99.1893,98.7329,99.599,100.34,102.366,100.591,98.4653,98.3089,99.0951,97.7871,101.728,102.503,96.2899,96.6809,101.056,98.4179,101.534,104.383,104.943,100.055,96.5324,100.191,98.2134
6,101.439,99.4461,103.744,102.28,95.8877,100.378,100.159,99.2238,102.316,100.461,97.6677,103.477,103.638,100.84,99.4629,102.781,99.7303,96.4851,102.213,103.739,101.521,102.475,94.7262,95.3663,95.1048,103.901,106.716,99.0287,98.0875,99.189,101.01,101.596,99.4188,99.2023,101.213,99.4451,97.9128,102.009,105.102,96.1073,97.3944,100.939,98.9712,101.808,108.328,105.901,98.7231,98.1673,97.9669,97.9895
7,101.075,99.1242,103.283,104.201,95.0772,98.0626,102.694,99.691,103.368,99.4484,97.2853,101.789,103.575,124.085,100.297,104.226,102.82,96.4332,100.395,104.062,103.003,100.296,96.6036,97.4371,97.2589,103.164,106.212,99.4314,97.024,98.6603,102.388,99.8424,98.7492,101.228,103.811,100.453,98.0964,102.621,103.731,97.1497,96.9884,99.4312,98.5958,103.067,111.974,105.566,99.7476,101.366,97.4279,96.1169
8,103.172,98.4811,101.885,105.075,96.3271,98.0578,102.441,99.3771,101.551,98.2362,95.8887,100.5,102.892,122.46,99.7501,104.735,102.768,97.3903,97.4683,103.451,103.207,100.248,98.0171,98.593,97.8983,102.609,105.949,99.0015,97.0229,97.6749,101.697,99.8722,101.237,104.119,105.323,98.4031,97.4907,104.586,105.577,95.9981,95.0322,98.688,100.295,103.623,110.89,107.254,100.235,102.623,95.3113,96.95
9,102.392,99.2435,104.625,104.448,96.7334,97.5621,104.702,100.477,99.7304,98.8753,98.049,101.418,103.683,122.526,98.2344,104.823,103.351,98.3095,98.5842,105.289,101.807,100.214,98.8017,100.796,95.758,102.453,105.629,99.3936,96.0841,96.1151,103.105,100.005,102.591,104.872,107.148,97.767,96.7977,104.557,105.441,96.5495,95.2576,96.0129,100.159,102.828,110.878,104.867,100.627,102.319,95.3829,96.3917
10,103.022,98.8751,105.181,103.311,95.1863,97.7962,105.924,101.45,100.186,96.9104,97.4289,104.527,102.12,122.17,97.2063,105.333,102.684,99.0023,98.5317,104.804,103.734,101.431,95.9401,101.397,94.8681,100.265,103.943,99.743,93.7374,95.384,100.695,101.6,102.634,104.771,104.491,98.1578,96.6592,103.53,105.318,97.5331,96.4164,94.3639,101.687,103.43,110.539,105.566,98.7406,101.58,96.6799,94.2092
11,99.8434,99.7161,106.093,102.823,96.3716,98.0031,105.543,100.321,100.237,97.1942,95.5235,104.739,104.43,121.673,96.9298,105.097,103.189,100.145,98.154,105.757,104.473,101.877,96.5476,102.691,92.5309,102.044,105.33,99.6003,92.3808,95.8173,102.467,103.693,105.022,106.634,104.636,97.9576,97.8206,103.124,107.156,98.2451,97.7816,94.0332,101.508,102.488,109.177,104.936,98.2837,102.268,95.576,94.6337
12,101.685,101.308,107.893,103.389,96.9246,97.6197,105.239,100.802,99.8491,99.1822,95.524,102.609,103.465,121.004,95.0879,103.804,105.234,100.245,99.8277,105.997,104.283,103.308,98.1371,100.681,91.3124,104.532,104.549,101.515,92.2933,94.4781,102.178,102.743,102.553,109.471,107.074,96.7001,97.213,101.234,107.855,96.4023,96.9455,93.869,100.367,103.639,110.037,106.146,98.7853,101.501,96.2779,95.9675
13,100.675,103.112,107.573,103.396,97.1036,97.3896,106.537,98.7084,101.147,100.013,95.2233,102.42,101.714,120.624,98.275,102.215,105.51,97.9552,99.7781,103.958,103.306,102.863,97.6448,101.212,89.9027,104.468,106.732,101.068,93.0043,95.6097,100.955,104.91,100.142,110.406,107.194,96.8722,96.3284,101.109,107.916,98.2651,95.3749,94.1802,98.6516,103.045,110.171,105.406,99.8313,102.528,96.1451,94.777
14,102.195,102.303,107.293,102.85,97.7325,98.7822,103.9,96.2758,99.497,100.633,95.3301,102.692,101.954,119.978,98.9562,102.123,104.599,99.7959,103.596,102.405,105.578,102.57,98.6544,102.579,87.2195,103.041,108.653,100.524,92.7171,95.9119,101.025,106.692,102.06,109.846,107.765,96.6478,96.0516,100.052,107.573,100.744,95.0545,93.7986,100.23,103.06,108.168,105.02,99.5553,101.956,94.5954,99.3725
15,101.56,102.681,106.748,102.816,97.1523,99.6458,103.274,93.9844,102.132,103.184,95.9765,102.587,102.196,120.483,98.0903,102.007,106.454,100.289,102.964,101.758,103.733,104.16,99.7328,102.212,87.3527,100.451,109.849,101.248,93.9121,93.4077,98.6205,106.442,101.652,112.915,107.402,95.651,97.5467,100.013,108.101,98.1159,96.0818,94.9602,99.7219,104.09,108.626,103.979,96.9113,102.5,94.0615,99.332
16,103.597,104.939,108.174,102.434,97.8437,100.625,103.737,93.7559,104.521,105.101,93.2789,102.607,103.452,120.68,98.2209,102.232,107.744,101.763,101.501,99.7327,102.955,101.719,100.508,105.163,88.3588,101.408,110.732,102.467,95.0465,94.7957,97.4204,107.905,101.836,115.052,107.468,96.7077,98.7809,101.664,107.205,98.446,97.1364,96.2699,100.314,102.751,108.334,102.307,98.2722,104.52,93.3725,97.5696
17,103.153,105.232,107.421,100.318,99.6217,101.014,106.403,94.795,104.239,103.963,92.9852,101.107,104.699,121.425,100.129,103.537,105.353,102.407,100.809,100.334,105.029,101.06,99.8542,104.685,88.3782,99.9208,109.768,101.946,96.7487,95.2491,97.3227,110.207,101.389,113.931,106.993,98.3012,98.3867,102.387,105.96,98.1951,98.98,96.8362,101.636,102.209,107.867,101.966,98.0849,103.344,92.8625,95.1174
18,105.642,107.782,105.882,102.504,99.6503,101.464,107.609,95.2176,105.57,103.817,93.726,100.761,104.305,122.695,101.329,104.695,105.079,101.733,99.3025,100.533,105.091,102.357,97.42,104.706,88.1364,101.535,110.449,101.142,97.493,95.8715,97.9954,109.249,100.335,114.28,108.167,98.3721,98.2076,102.74,104.264,100.208,99.4369,96.7699,100.874,100.684,106.922,102.166,98.674,102.887,91.6071,93.9416
19,106.339,110.68,104.836,100.377,96.2442,99.7154,104.926,95.7225,107.325,105.906,93.8542,100.602,102.486,121.774,101.163,105.46,103.13,101.704,99.3794,103.069,104.811,99.5327,98.606,105.199,89.0081,100.729,112.139,101.453,99.9506,96.7587,98.9781,107.842,100.367,113.921,105.306,100.13,96.7837,101.33,106.543,97.543,101.108,95.1957,102.935,98.6841,107.334,104.039,97.5931,104.028,89.9482,93.2309
20,104.65,109.76,104.419,99.1023,97.6523,101.579,105.341,95.0058,107.675,108.281,93.3696,99.8429,102.603,121.023,100.01,104.096,105.156,102.77,99.9443,104.147,105.295,98.4207,98.0388,104.845,91.4645,101.962,110.878,100.295,99.9662,99.3143,99.0212,107.947,101.435,117.402,106.198,98.2522,97.3999,100.043,106.807,99.9905,100.522,94.1152,103.447,98.5382,106.3,103.564,98.0625,101.87,90.9468,93.0658
21,103.53,109.212,102.25,99.2337,97.2337,104.617,106.068,94.5233,107.751,108.133,93.005,99.8496,100.641,120.306,99.2936,102.68,104.788,101.741,99.9442,101.244,105.395,97.3508,97.7699,103.22,91.7563,100.598,113.014,99.033,100.006,98.3644,100.435,104.733,103.79,118.196,107.639,99.1773,96.9466,99.555,105.992,98.386,102.332,93.974,101.834,97.9664,107.087,103.976,95.3855,101.247,92.5475,94.7376
22,105.915,110.868,98.7666,99.1068,96.9401,103.057,104.721,94.7354,109.882,107.371,94.7245,101.636,99.7087,119.887,100.552,103.644,105.034,101.784,98.8521,103.487,108.212,95.9562,99.324,103.137,90.3984,100.856,113.198,98.8225,101.525,96.4436,99.6577,103.876,103.492,119.199,107.371,98.0196,98.0929,98.4541,106.161,98.4334,101.714,95.8617,100.805,98.0976,109.21,103.276,92.7527,100.39,94.7627,95.5333
23,102.423,114.427,99.0002,99.5565,95.5069,101.545,105.859,95.29,108.985,105.605,95.9209,100.11,98.3741,121.439,100.92,104.435,103.327,100.763,99.3167,104.81,108.851,96.5095,101.337,101.816,90.039,102.12,111.925,98.2914,99.9822,95.7997,98.2999,106.466,103.585,118.677,108.604,97.1549,98.2866,99.0671,107.561,97.7267,102.9,93.4915,100.391,98.7919,108.394,104.882,91.2506,99.3309,94.0421,97.9722
24,101.095,113.052,99.7341,98.1545,97.9103,101.769,108.683,94.4411,106.587,104.657,94.4073,97.4366,97.7159,122.083,100.521,105.183,102.254,99.5943,97.9628,105.517,107.75,97.4734,102.745,101.231,90.4504,103.494,112.074,98.3232,102.992,95.6649,99.7438,104.665,103.357,98.0387,107.335,98.011,99.8371,99.8627,108.213,98.4789,102.393,94.147,101.238,100.115,110.106,104.543,90.3717,98.6302,92.4543,99.5948
25,102.705,113.899,101.02,99.3258,98.1909,103.414,110.3,94.3628,105.692,105.505,92.8534,97.3458,97.6062,122.372,99.4097,104.46,101.764,101.123,98.0901,104.41,109.081,97.1729,104.054,102.867,91.9287,102.342,112.116,98.9045,101.727,95.2364,98.6461,101.989,104.756,99.5703,106.769,97.0048,100.595,98.9757,107.923,97.936,102.357,94.7857,102.363,99.983,110.73,103.782,88.5254,99.6821,93.0803,99.3128
26,105.224,114.525,102.124,100.882,98.8891,104.288,107.843,92.4899,107.37,107.404,92.8676,98.8144,97.0538,123.21,100.936,103.233,101.303,100.682,99.4334,103.939,108.816,97.4457,105.387,90.1023,92.5567,106.212,109.138,99.6871,102.793,97.7885,97.087,101.263,104.478,98.9118,107.499,98.8001,102.022,97.4439,107.948,98.0701,104.183,95.9532,103.33,100.398,110.351,104.735,90.6604,98.0852,94.8953,99.4882
27,105.228,111.355,99.6191,99.7141,96.4456,105.358,106.912,92.0996,107.029,107.696,92.5937,100.734,98.096,121.836,102.582,104.145,101.585,100.038,99.4915,103.023,109.825,99.6829,104.684,90.0523,93.1354,107.859,110.888,99.9653,103.469,97.6986,98.7943,99.2654,104.057,99.2453,110.06,100.468,103.455,99.2955,108.546,99.2854,102.387,98.7237,105.297,102.27,110.701,102.395,90.8579,98.1235,94.9076,97.1663
28,107.038,113.442,98.0793,99.7398,97.4477,104.648,105.867,92.9566,107.651,108.364,94.9125,98.8626,98.1475,119.818,102.644,104.447,101.23,99.5233,100.133,102.336,112.29,98.5238,102.732,88.1096,90.8456,106.279,112.32,102.315,103.124,96.7822,101.521,99.4377,105.28,101.325,109.669,99.8271,101.794,100.443,108.41,98.0992,101.435,100.225,105.882,100.121,112.343,101.529,89.8712,97.9006,95.0872,97.5482
29,107.372,112.705,98.2602,100.075,97.9323,103.372,106.266,94.5052,106.688,105.747,93.8678,99.7561,96.7808,119.266,102.514,104.287,100.527,100.121,98.7166,102.107,110.878,97.461,102.49,87.0585,89.8931,107.045,112.989,101.442,102.814,97.4661,100.164,101.486,106.39,101.446,109.733,101.741,102.559,100.967,109.868,98.2508,100.385,99.9817,103.739,100.787,113.244,97.7945,88.2378,99.4045,95.4947,99.0387
30,104.906,113.819,96.7843,99.7267,96.193,102.685,103.443,93.277,109.234,106.218,93.1263,99.5243,93.8157,119.452,104.196,104.135,102.293,100.719,96.6218,78.7411,111.583,97.7901,103.799,86.6403,90.7341,106.609,113.348,100.668,101.758,98.3085,100.833,100.471,106.866,101.724,113.216,101.807,101.619,101.382,109.524,99.2651,100.818,98.2825,105.431,98.2566,113.771,99.3631,88.7777,100.577,94.0072,100.8
31,106.402,115.782,95.8503,98.6892,97.8355,104.634,103.472,95.2429,110.264,108.359,94.5072,98.8144,94.3676,116.277,102.563,105.967,100.973,99.5332,95.4342,77.8807,109.306,96.7825,102.016,86.9512,92.5899,105.743,113.02,101.203,104.119,99.6771,101.881,100.96,107.832,102.014,115.082,101.055,102.32,100.523,109.23,100.376,100.243,99.6597,105.82,98.7429,112.969,99.2321,87.8629,102.256,94.5316,101.387
32,104.936,113.732,96.5831,97.8126,98.911,103.466,105.267,95.4202,110.69,109.414,94.8796,99.4215,96.288,113.563,103.238,106.457,100.609,99.4208,93.1108,77.3952,109.298,97.5676,102.221,87.9904,93.9171,104.585,114.048,103.445,104.374,99.5351,103.12,102.574,107.571,103.28,116.582,101.904,103.567,99.7439,107.588,99.2013,100.78,98.8645,105.533,96.3024,114.942,99.4888,89.1942,102.36,95.4583,100.82
33,105.692,113.792,98.0569,98.7264,95.6525,105.185,104.09,97.1947,110.232,107.748,96.2609,99.3036,97.7876,111.977,104.601,107.796,99.2753,97.9678,92.1664,78.1719,109.23,96.8199,101.738,87.8678,94.1015,105.471,115.465,101.874,104,100.614,103.404,99.2149,107.076,103.869,117.98,103.237,104.705,101.794,106.425,98.6216,100.507,101.256,108.493,98.1988,115.972,100.001,89.8847,102.275,94.4124,101.801
34,106.526,113.117,98.0381,100.156,96.7532,107.102,102.391,97.6141,111.32,108.01,95.6161,98.802,97.2293,113.335,104.628,106.845,99.4403,97.9463,91.1482,78.9915,109.153,96.9347,101.978,88.4918,93.4245,104.404,114.373,101.897,92.7957,99.9022,102.208,98.3545,107.935,106.57,120.491,102.117,105.606,104.252,107.08,98.3391,102.117,102.636,111.276,97.3135,116.69,97.8855,91.1193,99.9179,91.7974,101.536
35,107.452,111.917,97.5214,99.3358,96.6633,108.331,104.225,98.4036,111.843,110.814,94.5479,99.1823,96.1832,114.107,102.467,110.198,97.6463,98.8051,90.9468,78.4521,109.379,96.4729,101.451,89.7026,94.5436,102.414,113.31,102.875,92.8509,100.38,104.189,99.4626,108.107,108.313,121.294,103.235,105.417,102.78,106.179,97.7028,102.595,101.762,112.457,96.9344,114.263,98.0061,91.5288,99.2821,92.4897,102.231
36,107.304,110.707,97.4651,100.732,95.4416,109.355,105.047,97.7257,113.105,110.273,95.8593,99.898,93.2852,115.664,102.867,114.556,96.3833,97.3113,89.7517,79.3416,109.142,96.9283,99.459,89.3058,93.3968,104.879,113.938,102.632,95.2546,101.71,105.72,101.651,109.043,106.11,118.787,104.003,104.943,101.648,105.621,94.7157,105.549,102.825,114.745,95.9663,110.497,97.6271,92.2563,98.4009,90.847,101.969
37,108.168,111.672,98.4016,100.488,96.3038,108.92,105.051,100.007,117.098,112.029,96.8124,100.029,92.3589,114.541,102.874,115.402,97.7574,98.886,90.047,79.8152,108.385,96.3853,98.556,89.1666,93.4334,105.584,114.396,101.138,93.9778,102.288,108.065,101.367,108.056,105.683,116.284,103.345,102.499,100.858,107.623,95.4978,106.27,103.874,116.019,96.3741,108.024,99.504,93.5804,98.9487,89.0013,102.776
38,110.313,113.23,100.118,100.509,96.3741,107.65,105.938,100.334,117.928,112.333,96.5254,100.304,93.8153,116.205,104.377,114.353,98.0576,101.391,90.183,79.2058,107.582,96.3719,100.683,88.1758,92.3862,106.641,114.195,101.167,93.0833,101.5,106.749,101.393,107.294,105.295,116.559,103.968,103.64,99.7338,108.073,93.3465,107.197,103.114,115.797,94.802,108.945,99.8106,95.123,99.6551,90.4413,102.901
39,112.173,114.796,99.8207,99.1121,95.8607,106.875,104.485,101.688,114.892,111.714,98.0131,101.341,93.6416,116.672,105.549,116.777,98.3193,101.634,91.006,78.0509,107.825,98.1197,101.506,87.1621,91.8913,105.897,114.86,100.903,93.9729,101.938,102.982,101.814,107.652,107.615,115.736,103.82,104.557,98.3938,109.887,92.5779,107.146,102.839,117.047,96.0917,109.638,100.829,95.625,101.785,89.222,101.523
40,114.704,114.585,99.8616,97.87,95.3033,108.957,107.597,100.15,114.528,111.789,99.5487,99.5159,93.5585,116.433,107.824,118.228,98.5742,101.869,90.5301,76.9121,106.457,97.299,102.852,84.5922,93.1985,106.077,113.293,99.5344,94.1261,101.555,101.197,102.634,107.352,107.286,117.008,101.311,104.823,98.2127,108.205,94.5921,105.255,102.066,117.859,97.8774,109.132,102.724,93.5978,102.138,89.6926,102.215
41,114.517,114.989,100.764,98.0547,94.5426,109.464,109.28,101.2,113.082,110.984,100.256,97.399,93.0102,116.272,110.77,118.647,99.712,101.598,91.7152,77.0756,105.81,94.7978,100.248,83.6714,93.5038,105.502,112.052,100.175,94.9726,100.58,102.761,103.776,106.533,106.728,115.737,99.836,104.718,98.0424,109.283,94.914,106.786,101.189,119.022,98.4541,108.508,101.817,92.617,101.26,91.4547,102.006
42,113.778,116.012,100.285,95.8882,96.0844,108.602,108.747,100.136,112.694,110.647,100.244,99.2255,93.0603,117.673,111.721,118.024,97.9635,102.465,91.6366,79.1175,105.905,92.5659,100.985,84.4495,94.7014,107.925,111.238,100.891,96.4844,101.432,102.099,101.885,107.023,106.911,115.196,99.4941,106.325,96.8007,109.41,95.3029,107.157,101.799,121.227,96.8081,109.731,102.174,92.6297,101.912,92.5579,101.26
43,114.788,117.813,101.064,95.5954,96.7805,107.479,107.222,99.1615,114.12,110.578,100.019,101.805,90.7287,116.868,112.768,118.742,99.1669,100.506,92.0748,79.4352,107.137,92.7039,99.8514,85.9932,94.647,108.201,110.901,97.428,96.7752,101.746,103.034,104.058,107.053,106.658,115.211,98.75,107.1,97.8486,108.127,91.8827,109.713,101.23,123.136,98.956,110.632,100.705,93.2925,101.966,92.1516,99.9453
44,114.608,116.433,100.04,97.102,95.1472,106.306,107.548,99.262,115.588,110.877,98.7099,101.424,90.7019,118.18,109.224,117.775,102.191,99.9096,92.7913,79.847,102.738,92.26,101.065,86.8581,94.2898,108.218,112.359,96.7458,96.2347,102.502,101.925,104.213,106.292,106.575,115.315,98.064,109.024,99.2838,106.773,90.6262,110.109,100.367,123.462,100.598,113.158,102.861,94.7168,103.994,91.1234,98.4294
45,113.142,116.67,97.4707,96.7123,95.4945,104.779,106.939,99.6131,115.786,110.754,96.6212,100.276,90.5049,121.081,110.031,118.083,103.208,99.593,106.349,79.1114,103.571,94.0028,103.271,87.8347,94.7282,107.513,112.406,96.9311,97.5247,101.881,101.179,104.869,104.786,107.421,118.009,97.5051,110.956,99.2311,106.597,89.8234,110.563,100.56,122.933,98.7191,115.471,104.041,95.3187,103.997,91.4797,98.8014
46,113.31,118.488,99.2674,94.8295,94.3857,102.532,107.119,100.093,116.816,110.368,94.3794,98.8768,90.2402,121.771,109.049,119.323,100.613,99.2242,105.346,77.6723,102.207,94.0609,101.276,89.6821,94.7495,107.717,116.258,97.3801,95.9701,103.1,99.926,103.912,106.641,107.015,118.848,97.0419,111.072,98.59,107.119,90.7923,108.274,99.9889,122.212,100.957,115.109,104.84,94.9971,102.97,89.9635,98.6319
47,111.935,121.782,97.9592,92.9451,93.5847,103.301,106.007,100.638,115.939,109.381,93.5212,98.4292,91.6195,122.181,109.302,121.736,100.903,100.155,108.108,77.6203,104.396,96.4384,99.9589,89.9394,96.8087,107.095,116.426,95.0164,94.8515,103.338,101.883,104.701,106.964,106.053,115.816,96.4471,110.183,100.522,107.362,90.8279,108.406,101.175,125.724,99.7884,115.538,104.004,94.6933,102.801,90.0339,98.8308
48,111.884,122.173,99.2486,92.7584,94.1199,102.84,105.167,99.4091,115.345,108.707,94.7854,98.4514,93.2088,123.518,113.864,119.229,100.983,100.6,107.204,76.8971,104.731,96.5051,101.238,87.9334,97.596,106.6,113.944,95.3442,95.0809,101.681,101.94,104.615,105.754,106.623,114.343,96.3719,109.718,97.7431,110.22,89.6684,110.007,100.83,125.945,100.686,116.488,102.755,71.7526,102.468,91.0253,97.783
49,112.967,124.96,100.032,90.8709,91.1842,104.75,104.685,98.7386,114.522,109.179,95.1204,97.825,93.2646,123.008,111.447,117.699,100.467,100.297,106.152,75.2465,103.709,96.8726,98.7394,88.3672,98.6479,107.503,117.583,96.6349,93.8298,101.889,102.697,105.986,106.1,106.448,115.065,95.5168,110.796,97.9223,107.805,88.1006,110.683,100.165,128.011,100.017,117.01,102.099,72.2405,100.478,91.606,98.9507
50,115.219,122.779,99.9949,89.9577,91.3988,104.292,96.0745,97.2745,112.869,111.164,95.9262,99.7463,94.6425,127.1,110.72,117.225,101.524,98.8448,107.636,76.7316,101.877,97.0799,97.8168,86.7272,99.2171,105.839,120.015,95.7899,92.8533,100.751,100.261,107.378,103.473,109.446,113.795,96.5373,110.904,98.0994,108.976,85.5041,113.361,100.528,125.921,99.3791,117.157,101.039,71.0438,100.841,92.528,100.236
51,112.99,123.223,100.805,89.1666,93.9188,104.435,96.1605,98.6722,112.27,110.962,94.9187,99.389,94.0247,127.805,110.486,116.448,102.554,98.3375,106.492,77.497,102.552,97.0057,99.0836,85.1204,97.609,107.125,120.49,95.6841,92.2639,99.349,100.92,109.057,102.874,111.19,114.009,95.0193,133.207,97.2068,107.156,87.5205,112.065,100.089,124.546,99.2043,116.531,101.109,70.6634,99.7898,93.4599,100.403
52,111.134,120.895,99.1912,87.1537,93.419,104.464,97.0779,99.3358,112.847,111.189,96.0307,97.5928,92.0327,125.352,110.382,116.27,103.719,98.4396,104.238,78.9237,101.132,96.3858,99.5797,84.6627,97.1775,111.017,119.284,95.9286,90.3235,99.9675,99.4217,107.974,103.538,112.094,112.906,95.1261,132.881,93.7614,107.472,88.1439,112.491,100.528,124.41,99.4525,116.407,101.796,69.9389,101.848,92.6156,102.459
53,112.308,118.937,99.2865,85.7462,93.7002,104.264,96.0647,99.7618,112.201,109.443,96.7497,97.1882,92.3681,124.832,110.416,115.631,102.882,100.401,103.908,80.4805,88.9534,96.731,98.7628,85.7004,97.2272,110.077,121.948,95.3558,90.9819,99.0156,98.7685,109.417,104.065,113.014,113.213,94.3226,134.341,92.7427,106.076,86.5636,112.768,102.918,125.574,98.7745,116.642,102.413,69.945,103.257,93.5403,101.356
54,112.828,119.455,99.3264,85.6258,93.3071,105.178,95.5654,101.025,111.296,109.976,96.8052,98.2241,93.466,124.225,110.031,112.908,102.939,100.374,103.646,81.151,89.8685,96.9353,100.59,85.9872,96.3383,108.575,124.081,95.4425,93.6975,98.7144,95.6583,110.02,105.468,114.515,113.609,94.6203,134.663,94.3619,107.328,86.8264,111.218,103.614,122.659,100.131,118.642,105.398,70.0152,104.306,94.9065,101.136
55,111.927,117.588,98.1069,85.3333,94.8159,103.86,95.8241,100.889,108.475,110.146,96.5598,99.583,93.0283,124.024,109.335,112.05,100.554,99.2024,101.951,80.6467,91.7323,98.2241,101.21,85.0877,94.5977,109.274,124.902,95.8834,94.5751,99.3873,95.0795,110.745,103.454,112.396,114.188,94.8381,136.017,95.2368,105.589,84.391,109.187,101.978,122.384,99.5679,119.358,104.309,71.2222,103.405,96.3969,102.661
56,109.652,117.788,97.6958,83.6163,94.9433,102.546,96.2659,103.229,109.639,111.987,96.8168,102.427,92.6386,128.062,106.735,110.577,100.18,100.697,100.432,79.6364,92.1146,97.085,102.522,85.1174,94.9553,109.308,124.347,96.5822,94.0168,100.528,95.0308,110.514,102.763,108.485,116.359,95.471,132.976,94.0756,104.718,83.2296,108.853,102.692,123.61,100.867,118.775,103.823,72.7065,103.102,96.1898,103.481
57,107.16,116.459,97.5092,85.95,96.5499,103.721,98.1269,104.24,111.405,110.656,95.5269,103.678,91.2634,128.99,107.032,108.562,99.9863,101.002,101.496,79.8339,93.0219,96.1042,103.782,84.6617,96.3287,110.404,126.366,98.3478,94.8534,100.927,93.5021,110.103,100.207,109.619,117.472,95.5014,134.441,94.6736,105.048,82.3519,108.982,104.304,122.658,101.655,116.322,105.137,73.9627,103.482,96.4386,104.38
58,107.039,117.552,95.3305,85.1979,97.6868,104.463,97.0868,102.54,112.767,110.093,96.4728,104.526,92.5887,130.031,106.869,107.18,99.2081,99.1373,101.564,77.5783,93.8394,97.3265,104.369,83.8959,95.6652,111.243,126.381,97.5262,94.4615,101.567,93.7308,110.71,100.01,113.366,116.796,95.3406,135.951,92.8941,104.795,81.2374,108.267,103.308,122.041,103.346,116.727,106.168,74.0544,105.11,97.639,104.107
59,107.231,116.921,96.9448,85.3415,99.1699,104.526,97.5196,103.802,111.83,109.688,96.7387,102.707,90.6985,132.236,108.425,108.334,98.9951,97.9502,100.154,76.9991,93.8545,96.1869,104.309,83.7413,94.5954,110.854,125.052,96.4543,92.4631,101.389,95.9419,111.788,102.453,112.798,116.949,95.9882,137.435,93.0437,105.209,81.6366,110.732,104.206,120.862,103.656,116.958,104.489,76.1574,107.074,96.9178,104.811
60,107.384,116.805,98.3999,85.3466,99.5543,104.068,96.5888,103.386,112.072,108.705,94.9008,100.597,91.1816,133.226,109.439,108.788,100.551,98.5842,98.9863,75.4377,93.6424,98.149,103.4,82.4753,93.6095,109.453,125.549,95.0875,89.4203,102.74,95.6194,111.168,101.719,113.652,116.948,96.0925,137.085,91.9402,106.449,81.788,113.181,103.776,122.938,104.34,116.914,105.037,75.0978,106.583,98.2928,103.563
61,107.19,117.068,99.5285,85.8046,101.887,102.838,98.0785,102.12,112.273,108.532,94.8882,100.299,92.0333,131.184,110.289,109.433,102.508,97.9488,99.0464,75.0821,95.1371,99.2015,103.373,81.4131,94.8997,108.903,124.465,94.2105,89.3209,102.568,96.4739,111.003,100.431,114.326,116.569,95.3992,136.097,92.8171,107.329,80.9123,112.527,104.378,123.94,106.323,120.174,105.704,74.7974,106.483,97.6808,103.709
62,107.377,116.653,98.4414,85.1971,100.934,105.469,98.1192,101.677,114.434,108.701,94.8531,100.328,92.3446,132.992,110.841,108.394,102.104,97.1374,97.478,74.8779,95.003,97.1492,102.095,82.4008,97.9334,110.049,124.977,92.745,90.9475,104.454,94.9948,108.65,99.1945,114.227,117.952,97.0365,136.012,93.2598,106.66,80.9984,113.747,104.277,121.707,104.628,118.994,105.221,77.3227,107.149,97.1861,104.881
63,104.846,115.04,100.981,85.4808,99.7594,104.972,99.0506,100.739,114.3,106.996,94.2368,100.15,92.5424,132.821,112.858,106.401,104.912,97.2209,99.5493,75.4744,93.7186,98.3487,103.463,81.5605,99.0008,111.883,124.581,92.4724,90.52,103.165,94.991,108.441,97.7414,114.269,117.137,98.1745,136.04,95.3742,104.889,81.5374,115.279,104.148,120.659,108.262,120.143,105.41,75.5851,105.745,97.7534,104.897
64,104.025,115.56,100.672,84.0722,98.2732,104.957,101.218,101.277,114.829,110.246,95.5605,99.1662,92.1844,128.895,112.978,105.217,103.341,94.3942,99.9284,75.6118,93.7706,98.7441,104.793,82.7171,98.4279,112.885,123.096,93.2855,89.9458,103.89,94.3476,110.145,97.9923,114.761,118.746,97.6129,138.001,95.2412,105.435,82.2229,113.172,105.168,120.606,106.633,119.725,103.448,77.2045,104.419,98.3309,103.652
65,105.688,113.823,101.232,83.3051,98.8554,104.423,103.164,101.168,115.042,111.282,95.891,97.3799,92.187,129.494,113.249,107.258,105.156,94.7687,98.9558,76.7925,92.908,97.4314,104.928,83.9751,100.829,114.129,119.856,95.0945,89.0009,103.071,93.3394,107.85,97.6948,113.767,117.91,98.055,138.482,94.0206,106.677,82.5399,112.755,104.919,122.079,107.237,118.744,100.156,76.8225,104.825,97.7167,102.513
66,104.657,114.574,103.809,83.4528,98.4615,104.616,103.42,101.084,114.817,111.696,95.5555,96.6601,94.1623,130.479,114.161,107.964,105.928,94.0098,98.9032,75.554,93.6346,98.2555,104.245,85.0017,99.9208,112.906,119.674,95.6672,88.0155,102.908,94.4428,107.869,96.4664,113.966,118.512,99.8204,140.626,94.642,107.077,82.2855,113.632,105.543,122.489,103.128,117.146,99.5437,75.502,106.126,96.5575,102.654
67,104.469,114.055,103.991,81.9877,97.9698,103.228,103.463,100.485,114.779,113.824,96.1112,95.5827,93.4533,132.079,115.528,105.782,105.652,95.278,104.503,74.624,93.4661,97.2231,101.771,85.2162,99.3034,111.248,120.031,93.2365,86.3098,106.061,92.135,105.329,98.9797,113.257,118.343,99.6373,142.36,95.3225,107.052,83.4866,114.613,103.332,121.821,102.43,119.322,98.7875,75.922,106.536,95.4931,102.925
68,103.53,116.766,106.518,80.717,97.5082,103.31,103.122,102.212,116.856,111.34,95.1387,94.242,93.1872,132.822,117.182,105.17,104.986,94.0616,105.91,74.8582,95.7152,99.8909,103.913,85.9039,100.446,111.483,120.109,93.2175,85.7678,108.911,92.822,102.471,98.8111,113.526,118.61,100.269,142.487,93.5293,108.156,83.5156,112.478,102.299,124.746,102.683,116.189,98.9984,75.074,105.617,93.2988,101.334
69,105.159,115.569,106.115,79.9628,96.4825,102.266,103.995,102.527,118.304,109.658,96.3639,95.7716,93.062,133.571,116.06,105.781,103.978,95.4696,103.594,75.9963,96.6641,99.2239,104.95,85.9997,99.3338,112.677,118.73,95.2043,86.2636,109.108,93.0879,101.429,101.661,112.87,117.839,101.71,143.107,92.9521,110.948,83.5859,114.625,100.976,122.162,101.515,115.727,98.558,75.3892,107.045,93.526,100.676
70,106.448,116.752,107.341,78.7724,97.1179,100.881,103.421,103.654,119.595,110.919,95.6032,96.3547,92.8619,134.762,115.989,108.419,102.152,95.6478,102.39,77.4261,96.5919,100.835,103.975,86.1115,100.118,109.61,117.658,94.7613,86.59,110.254,93.0814,102.889,102.043,113.232,118.495,101.209,141.351,94.8723,113.506,82.8708,113.794,100.455,120.729,103.149,117.147,96.2492,77.0311,106.467,92.7582,99.9597
71,108.265,115.154,106.895,78.7021,97.7067,99.9918,104.833,103.639,118.6,109.747,95.768,95.5594,93.6105,133.853,117.776,107.384,102.714,95.3978,101.439,78.9321,96.3218,102.539,104.208,84.5315,100.243,109.797,118.379,96.546,86.9774,111.126,95.035,102.853,102.082,112.641,117.013,101.95,141.181,96.5449,113.527,82.2114,112.27,99.9349,121.832,103.95,117.536,97.2521,78.6487,106.415,91.9984,100.286
72,107.689,118.834,104.615,78.0251,96.443,98.0544,104.187,106.1,120.21,109.861,96.5913,94.4979,93.1294,132.656,116.095,106.492,101.381,93.8125,102.871,79.6178,96.6309,103.859,104.847,85.0476,100.566,112.7,119.068,96.1786,88.8798,115.836,94.7621,102.129,100.218,111.699,115.35,100.856,140.276,96.5186,112.059,82.6314,111.654,101.107,121.241,105.675,118.826,95.7313,79.6708,107.45,91.6562,98.6032
73,106.637,118.929,104.747,79.6195,96.0166,98.384,105.429,108.194,117.913,108.639,97.593,93.389,94.2184,133.505,117.06,105.898,102.661,93.9,103.005,80.3705,97.8635,103.902,104.62,83.4659,97.347,112.297,118.49,96.5942,88.2967,118.554,94.7226,101.898,101.613,109.867,116.385,101.419,138.881,94.0513,114.333,82.5452,111.14,100.907,121.429,105.505,119.864,95.1706,80.6747,108.12,90.699,98.0674
74,106.828,118.848,103.557,78.7366,95.8878,97.8952,101.822,107.941,116.193,110.456,95.5865,93.7014,95.9929,131.197,116.389,105.641,103.445,91.2405,102.141,80.8643,98.599,104.768,105.77,83.5886,96.8868,110.232,118.91,98.3447,88.1823,119.16,94.5686,102.249,98.4422,111.782,118.062,99.8236,138.774,93.9137,114.975,81.6863,110.236,101.75,122.176,106.161,122.091,96.5525,81.5725,108.433,90.4243,97.5212
75,104.877,121.236,102.935,78.1249,94.9836,96.4823,102.147,106.495,115.791,110.378,95.3582,91.9555,95.9329,131.947,117.498,103.764,105.28,92.8704,100.762,79.9986,97.0709,105.326,103.286,83.4215,98.5037,110.377,119.004,99.279,87.0727,119.148,94.609,104.546,99.163,111.021,117.45,97.5765,139.114,95.3395,113.605,81.7734,110.475,102.49,122.899,106.354,118.424,95.8707,79.7575,110.265,90.6922,96.3447
76,104.737,122.088,103.661,76.3755,94.45,96.2131,100.443,107.782,114.909,112.133,93.198,91.3671,95.8672,132.891,116.349,102.299,108.013,94.0413,103.651,81.3922,97.3192,105.7,105.195,81.7174,98.6831,110.391,121.768,97.1511,86.4721,122.196,94.6186,104.665,99.1009,111.285,117.152,97.9634,139.744,95.4396,114.138,82.0169,109.881,104.717,126.197,108.589,118.619,94.4333,78.3153,110.988,91.2886,95.7287
77,104.471,121.461,101.142,75.6223,93.6565,97.2312,101.589,106.592,115.575,109.109,93.8997,92.8349,95.9363,132.486,114.789,101.881,108.125,94.9124,103.217,80.9307,98.4942,105.898,105.933,82.0374,98.1172,110.157,122.785,97.3628,87.1944,122.523,95.8366,104.428,97.4381,111.46,120.599,96.7719,138.614,96.4689,114.391,82.371,110.996,103.676,125.553,109.246,120.544,94.2211,78.8394,113.091,91.0544,96.0559
78,105.576,120.564,100.923,74.9181,93.079,98.0706,101.241,108.427,114.824,107.466,94.9708,92.8122,96.2635,137.396,115.173,101.795,108.082,94.5596,103.376,81.0748,97.0475,105.325,104.391,82.7782,98.0033,110.148,125.18,97.8265,88.1138,123.129,94.3851,103.814,96.8538,111.083,120.081,97.1825,139.26,96.2036,112.456,81.9192,112.274,103.665,121.918,108.734,117.989,94.7024,78.1773,112.085,90.7394,95.5149
79,103.152,120.327,101.475,74.153,95.1554,98.4293,102.244,111.926,115.066,108.005,93.3655,94.5315,95.5361,139.622,115.139,102.582,108.927,93.4534,104.796,81.3655,97.481,105.023,105.798,83.5778,98.9142,110.25,125.074,97.8457,88.5637,123.818,95.2481,101.975,96.6641,113.004,120.295,98.7355,139.008,94.0754,112.453,81.9033,112.747,104.575,122.868,107.891,118.274,94.0129,76.312,111.121,90.7618,95.2774
80,102.589,115.536,101.196,74.8875,96.0722,100.34,101.527,111.263,112.983,107.029,92.8167,96.5865,96.1459,141.459,115.448,103.309,107.176,92.8134,105.078,79.8106,98.6607,106.046,104.612,82.9104,98.3657,109.716,126.938,99.2545,87.068,124.648,95.6567,103.957,94.0934,114.329,118.41,100.82,137.536,96.7652,111.099,83.6185,112.117,105.859,119.888,109.682,118.319,96.0918,77.5914,109.632,88.7652,95.1244
81,101.924,116.173,101.426,76.6404,97.4539,99.282,101.217,111.958,115.107,104.407,93.062,97.5734,95.8129,143.013,117.87,103.925,107.977,92.7199,105.814,80.3072,98.3619,104.874,105.878,85.0982,98.2682,111.456,126.77,99.6945,84.5366,124.625,96.0716,103.295,93.2892,115.324,119.686,102.436,141.072,96.2118,111.263,85.6961,109.255,104.6,121.541,108.296,117.559,94.5272,77.3132,110.381,88.2005,97.7303
82,102.2,114.133,99.6594,78.2262,98.1475,100.934,100.924,109.688,117.071,104.7,92.8064,99.2319,95.5677,143.52,117.44,101.375,107.812,93.0787,106.139,80.3774,99.569,105.664,106.802,84.6776,97.1857,108.479,129.295,99.1183,82.7992,124.684,99.2991,102.198,92.2829,115.014,121.649,103.307,140.337,95.2623,109.333,86.2193,108.848,103.635,119.845,107.015,116.25,94.831,76.6315,111.865,90.0599,96.93
83,101.729,114.38,98.7186,77.7696,100.3,100.456,99.4068,108.464,116.914,103.025,92.5469,100.825,95.4108,145.284,117.133,101.117,107.536,93.7572,103.924,79.9002,96.986,107.04,106.642,83.7547,97.9119,106.318,128.782,100.604,82.9064,123.043,101.251,101.066,93.258,117.36,123.177,116.906,137.813,94.9689,107.182,85.7739,109.536,103.49,120.115,106.301,115.761,94.9727,77.4168,111.266,91.8141,98.1063
84,103.722,113.776,100.905,78.4422,104.103,100.973,100.118,108.446,115.234,99.8371,92.5741,99.9746,94.9787,145.47,117.403,100.776,107.214,91.6024,104.874,79.1179,97.8775,106.982,107.799,83.6834,96.2396,106.319,131.84,101.896,83.5334,120.241,99.434,101.508,93.5796,115.137,120.718,118.193,139.147,91.9702,110.209,84.7058,109.927,101.915,117.494,104.519,116.078,94.6452,77.4611,113.201,91.2498,96.9719
85,102.012,114.927,101.131,77.5081,101.52,100.2,100.711,108.792,116.234,99.4097,93.318,98.8569,94.942,148.852,115.097,101.126,106.346,100.108,105.488,78.9231,96.3971,105.704,110.911,86.0707,96.9156,106.222,132.067,101.197,85.5729,120.304,101.746,100.348,93.6817,113.569,120.939,117.885,136.154,92.1743,112.047,86.2373,110.557,103.457,117.866,105.297,119.563,95.2406,76.1393,110.77,90.8767,98.7521
86,103.119,114.962,100.256,77.0751,100.424,103.008,102.09,109.288,115.584,100.798,95.0585,98.2603,94.3945,149.253,113.19,100.113,104.597,99.8845,107.065,79.3803,97.9817,105.489,107.894,85.4192,97.2486,106.221,136.391,102.147,86.8111,118.889,101.026,99.9527,94.0528,114.428,122.008,118.828,137.975,92.7925,112.524,86.8575,111.902,105.302,120.159,105.483,117.593,95.6476,75.0385,111.276,90.876,99.393
87,102.64,116.741,99.9415,77.8099,99.6912,104.8,102.3,111.664,117.598,100.849,96.4751,99.3661,93.9046,150.329,112.8,99.8283,105.172,98.2377,106.649,80.5008,98.1487,105.246,108.6,85.3585,95.5419,103.247,136.934,101.524,85.47,119.197,102.226,98.6714,94.5181,114.429,124.321,118.055,138.201,90.8913,112.357,86.5782,111.263,106.798,118.186,105.91,119.341,94.8939,74.7267,111.901,91.2752,99.8887
88,104.405,114.66,101.078,65.2887,99.5302,101.944,101.192,114.887,119.18,101.696,94.7401,96.9857,81.8915,150.789,111.798,102.684,105.123,100.231,106.68,80.4801,98.3013,105.73,110.047,84.611,94.4227,103.293,138.414,102.036,86.1598,118.991,103.557,98.8197,95.9742,113.132,124.954,116.774,137.477,90.7023,112.302,86.3404,111.943,106.289,117.824,104.982,119.623,94.9845,74.8022,112.983,91.4369,99.3065
89,104.718,115.645,98.402,64.875,99.1602,104.237,101.261,115.589,122.13,100.547,93.8216,96.5007,80.9995,150.631,110.064,102.933,104.256,100.113,105.44,80.4764,97.1464,104.845,109.378,85.7485,94.2707,103.363,138.781,101.946,85.1091,119.427,104.93,98.3628,96.4371,111.703,121.727,118.064,137.354,90.1713,111.684,88.8555,111.808,110.354,119.929,104.599,118.765,95.5635,75.0382,115.017,90.8568,98.8568
90,103.915,116.028,96.4786,64.9863,96.9342,103.828,100.64,115.053,119.742,101.272,92.2816,97.4068,82.1804,151.982,107.465,103.955,105.619,99.1662,104.64,81.6572,97.0746,106.678,107.012,85.0126,93.6405,101.417,139.906,100.869,84.6635,117.941,102.921,99.4314,95.6483,111.535,120.033,119.213,137.198,87.9844,109.864,87.421,109.873,109.329,119.102,104.1,117.025,95.52,76.0022,112.718,90.0394,98.3542
91,103.785,116.419,97.19,65.1871,96.4851,106.72,100.549,114.183,121.698,100.149,91.2378,96.6362,81.723,149.339,105.581,101.131,105.51,98.5888,104.909,80.9279,95.1745,107.91,106.419,85.1383,93.7199,101.333,139.735,101.989,82.8437,117.148,104.073,98.586,96.631,111.152,118.87,119.098,136.455,89.4889,109.361,88.0868,109.891,110.332,117.966,105.577,117.73,97.1219,75.9202,113.136,90.2087,97.0579
92,105.116,118.454,97.7394,66.717,95.3684,107.067,100.864,113.817,121.371,99.4352,91.2524,97.9537,80.5891,146.54,104.657,103.003,103.24,98.9471,104.517,80.3801,95.9336,108.484,104.277,84.2602,94.3766,101.746,140.724,100.469,83.5058,118.051,102.688,97.0081,98.5606,110.707,117.815,117.898,136.238,90.9105,109.166,86.3176,110.025,111.293,114.917,108.154,118.782,94.8952,75.4044,115.782,91.4399,97.1136
93,105.038,117.131,97.9648,66.9005,97.5316,106.583,99.6021,114.357,119.696,98.1457,93.0154,96.1218,79.4669,147.407,102.754,103.462,103.561,100.441,104,79.6289,95.1535,107.866,102.304,82.0476,94.1595,101.706,142.986,100.663,81.6855,120.38,101.751,97.1617,98.9919,112.381,118.597,118.227,137.772,91.8505,106.801,86.449,109.837,110.511,112.442,107.901,121.903,95.0465,76.5551,116.931,91.3671,97.992
94,106.246,116.254,98.9041,66.4212,98.9284,107.983,100.866,117.397,119.403,99.2568,93.728,96.504,80.318,148.859,102.071,103.598,103.363,99.2332,105.052,80.2231,96.0855,108.593,102.132,81.2216,94.943,103.593,141.644,101.704,81.6558,122.249,101.684,96.6565,100.049,111.819,119.438,118.506,136.497,92.7378,104.589,86.6385,110.714,113.058,113.324,107.416,123.682,94.4094,75.8754,117.883,93.4996,97.1674
95,103.883,115.487,99.2354,66.4708,99.2654,107.866,100.083,116.626,117.379,101.704,95.031,96.3427,80.2122,149.178,103.593,105.017,102.779,98.4534,105.793,81.161,95.4595,105.383,101.769,82.2596,94.497,105.066,141.936,101.394,80.7052,121.279,101.35,96.5759,100.006,109.49,118.522,117.73,140.159,92.8035,104.848,84.3665,113.738,112.02,110.222,105.825,124.219,96.138,75.2907,116.524,93.0811,97.482
96,102.969,116.97,99.2575,67.4443,100.219,105.699,98.7555,117.945,116.401,102.028,96.8339,97.2297,79.7916,150.452,104.912,90.508,104.404,102.828,105.755,84.0172,96.1185,106.814,102.438,83.513,97.258,105.532,144.439,102.259,80.8779,123.763,103.543,96.6228,99.3791,108.958,117.828,118.852,143.47,92.7957,104.333,85.3569,114.615,114.112,109.031,104.828,122.95,94.6776,74.1019,120.446,93.8618,98.382
97,103.641,118.237,99.1973,67.6029,101.678,104.021,97.3333,121.534,117.719,102.457,95.5932,96.8785,79.8772,153.48,106.531,91.5453,105.772,101.886,104.347,82.9535,96.8815,106.015,102.614,83.4123,97.8445,107.447,142.278,102.759,82.4938,125.496,102.733,96.4488,99.9216,107.68,116.65,119.3,146.307,92.6283,104.724,85.4581,112.323,113.249,109.577,102.96,124.714,94.0536,72.6239,118.137,95.3293,98.9857
98,103.26,118.686,100.041,65.5958,100.671,104.029,95.5486,121.846,116.355,103.501,94.5263,95.8851,79.6789,152.442,107.244,93.257,107.919,102.195,102.518,81.6375,97.0568,104.668,103.419,82.8184,96.4028,106.606,137.661,101.239,82.3054,125.978,102.476,96.9682,101.155,106.187,116.643,118.794,148.262,94.1504,104.287,87.1233,112.07,112.043,109.337,101.232,123.106,95.8205,72.4701,116.012,94.6741,99.2391
99,102.857,119.056,97.82,65.1333,99.75,101.952,96.6483,121.338,117.595,104.343,95.1116,96.0532,80.0596,150.165,105.676,93.1578,108.161,102.19,101.393,81.3841,97.7209,103.788,103.775,82.4759,96.0514,108.128,136.253,100.828,81.6288,128.121,104.039,96.5599,102.778,108.274,116.714,119.08,145.862,93.0311,102.47,89.3558,112.845,112.125,108.678,102.034,121.319,95.0158,71.5668,115.101,94.9437,98.7223
100,102.441,116.974,97.4157,65.2978,97.0809,103.354,96.7815,123.396,116.921,103.592,94.6062,96.304,80.2588,151.285,104.536,93.7297,105.762,102.16,100.271,82.7563,98.5169,104.749,101.427,82.8107,94.8856,106.656,134.055,99.2161,82.2173,127.006,104.012,96.7171,101.932,108.381,120.011,119.553,144.057,93.6274,99.7591,89.6112,113.345,115.64,109.715,101.635,121.888,93.5395,71.6727,113.688,95.3323,100.415
101,100.053,119.06,97.0514,65.4084,96.0971,100.804,98.5753,122.56,117.114,104.443,94.7243,96.7431,80.393,152.071,104.022,93.7235,106.389,100.964,101.979,82.2928,97.1174,102.306,98.8204,82.4386,94.8705,106.258,132.826,98.6165,84.5929,123.854,104.693,96.1628,101.957,108.123,118.329,119.114,145.092,92.7338,98.1532,89.0887,114.038,116.201,112.705,102.245,121.455,92.1694,70.1778,111.852,94.583,102.862
102,98.4455,120.003,95.3129,66.2947,95.4731,100.22,98.4929,123.802,116.009,106.638,94.0437,97.8971,80.1526,151.145,104.964,94.6107,105.083,101.694,101.186,82.5246,97.8142,102.279,96.7517,82.9466,93.3192,109.157,131.008,97.7861,86.0099,124.596,103.81,96.2655,103.001,108.402,118.468,121.354,143.968,91.0905,96.8364,90.1996,115.382,117.748,112.362,102.272,122.753,92.2087,69.0039,111.91,95.0583,103.388
103,96.9195,120.174,94.2439,67.307,94.9957,99.4553,98.4319,122.022,117.86,107.883,95.636,97.7299,80.5215,152.277,107.447,96.106,104.263,101.571,100.746,82.9649,98.3912,100.648,97.7197,83.1484,93.8106,109.272,130.805,99.0418,86.9203,126.532,103.033,96.7924,100.207,109.491,117.506,119.83,143.314,91.3912,98.8768,90.065,114.503,118.903,110.862,102.018,123.854,91.7706,68.588,112.483,96.7337,104.215
104,96.4483,122.209,93.9245,69.8935,95.8311,100.373,98.8226,122.242,115.171,106.373,95.3777,98.3089,81.007,152.563,108.997,93.6557,105.653,102.029,99.3566,84.3057,98.9532,101.449,97.3025,82.5814,92.3382,112.214,130.589,99.241,86.5748,126.574,105.568,98.9601,101.225,108.499,116.168,118.582,142.404,89.5124,98.8705,88.7941,114.273,118.72,110.84,103.689,122.16,93.6196,67.8476,111.499,99.0289,103.233
105,97.0104,121.095,94.5713,70.8242,97.9232,102.387,98.5929,121.812,114.111,106.332,97.7596,99.0323,81.088,150.9,110.381,93.5109,106.624,102.102,99.8489,84.0337,97.8184,100.402,96.5753,82.3917,91.9226,113.05,131.61,98.5948,88.0423,128.74,104.292,99.4398,102.322,108.148,116.339,118.28,141.171,89.7135,100.183,88.8547,113.726,118.966,110.714,102.14,120.631,94.8166,66.8972,111.258,100.982,104.44
106,98.2523,122.1,93.9401,70.8679,98.1535,103.175,101.357,123.913,115.687,106.32,99.1616,100.269,80.3213,151.179,110.266,91.8901,107.404,103.732,100.589,83.9772,97.5985,101.62,95.7146,85.4273,92.3533,113.601,133.382,99.7359,90.0242,128.156,106.246,99.5269,101.95,106.145,116.962,118.524,139.903,93.0971,100.306,89.625,111.134,118.125,111.117,99.0442,120.726,97.0453,67.2294,111.186,100.904,104.86
107,100.059,122.589,93.2298,71.4065,99.144,103.502,101.07,124.632,114.958,106.021,99.2698,99.8242,78.8069,150.5,107.989,93.1507,108.797,102.025,98.9226,84.3077,98.6782,101.376,98.0559,85.5003,94.8097,113.458,133.1,99.9401,90.2739,131.828,106.174,98.8147,101.743,105.681,118.117,118.855,138.522,93.6725,100.976,86.9982,110.536,115.45,111.326,100.657,117.264,96.9581,67.7485,110.524,102.448,106.485
108,97.9423,120.673,93.6976,70.5791,97.875,103.51,101.549,125.756,115.345,104.822,101.617,98.3748,77.7841,152.524,106.662,92.7848,107.761,103.036,98.5415,85.3386,100.395,99.2869,98.7921,84.7469,94.1186,114.03,131.08,100.303,90.4558,133.141,106.618,100.61,101.523,107.173,122.088,119.229,138.035,94.1891,99.4769,86.3933,108.871,114.833,111.722,101.304,116.303,97.7737,68.3947,110.646,102.089,107.331
109,98.7199,123.384,92.4734,69.5734,100.482,105.414,98.738,124.883,115.975,103.673,103.41,98.2858,78.2954,150.76,105.589,93.6771,108.27,103.895,100.251,83.7584,99.7833,101.008,98.0862,85.4796,94.3457,113.301,133.504,102.68,91.1957,133.4,104.997,99.7725,102.978,107.444,121.448,117.985,136.86,94.7866,100.374,85.798,107.584,114.079,111.347,101.366,117.252,95.9599,61.5568,110.552,102.505,106.191
110,98.9893,125.793,92.1668,69.9925,99.9116,104.072,100.458,123.802,112.645,103.55,103.524,97.8695,79.3041,151.444,105.967,94.5386,108.155,104.123,100.803,84.7747,103.408,99.3543,97.2938,84.5917,94.2278,113.639,135.152,102.971,89.8489,131.302,103.854,100.478,102.045,109.323,119.142,119.976,135.514,98.3406,101.321,85.6041,107.049,114.571,112.187,99.8954,116.898,95.4327,61.4674,110.761,100.241,105.505
111,99.618,124.362,91.8778,69.1656,99.7308,102.972,100.597,123.6,113.077,103.681,103.372,99.9439,77.9455,152.716,106.974,94.0165,109.09,102.422,101.678,85.2001,103.088,99.1743,98.0478,82.4826,94.9247,114.636,135.458,106.867,89.1022,131.021,103.743,98.8506,101.698,110.989,121.243,122.331,134.082,100.939,101.728,85.2371,105.665,115.28,112.759,98.8866,117.46,97.2663,60.5761,111.674,100.422,104.313
112,101.01,124.606,93.0449,68.4536,99.6165,100.855,101.339,123.291,114.855,103.447,103.121,100.581,76.7108,156.176,107.515,93.9905,110.757,98.9506,101.876,87.1401,101.771,99.2731,99.5907,82.0262,96.2213,114.976,135.611,106.524,90.3842,130.903,106.312,97.9413,100.495,108.432,124.388,123.259,137.17,101.898,103.011,86.6944,105.823,113.782,114.481,99.7142,117.982,96.297,62.4106,112.518,99.9,102.959
113,102.003,122.323,92.5369,69.7254,99.0757,100.138,99.7007,123.026,115.849,104.865,103.372,98.879,76.671,153.016,108.464,94.1911,110,98.236,103.41,88.9687,99.9774,100.026,98.5121,80.9232,98.4956,116.315,134.676,104.764,92.001,130.216,107.327,97.5411,99.9856,110.859,124.859,124.064,133.899,101.36,102.713,85.3306,105.868,113.55,115.656,101.026,120.87,97.4977,60.3744,110.451,101.022,102.13
114,102.358,122.498,94.4308,68.3528,100.769,99.4616,98.8321,121.124,115.18,103.945,105.041,99.175,75.3446,154.845,108.909,96.7592,110.082,98.2981,103.855,89.7448,100.933,100.039,99.3111,81.0884,97.0785,116.229,134.541,103.136,92.3076,128.998,106.145,98.416,101.085,111.67,126.619,123.126,133.898,102.366,100.418,86.5372,105.892,112.523,115.313,99.5851,122.192,98.5197,59.4261,109.816,98.188,101.876
115,101.846,121.929,93.9707,68.7554,100.096,98.7981,99.0619,119.65,115.423,103.764,104.481,99.1128,76.3375,157.997,109.103,95.5643,111.172,96.6999,104.965,88.6597,99.0452,101.382,98.6718,81.9346,93.8913,117.132,132.865,102.322,91.4814,128.786,105.454,98.2585,100.65,110.879,128.554,121.359,133.044,103.172,101.776,86.9238,106.32,113.39,117.412,100.075,124.634,99.7668,58.6907,111.205,98.0178,103.057
116,100.142,122.628,94.2142,68.9381,99.2308,98.0025,99.0606,120.086,116.372,104.862,104.6,98.4548,76.37,158.578,106.566,95.7009,112.324,100.574,104.099,87.81,100.668,102.904,101.782,82.7758,93.74,116.322,133.275,100.424,89.5361,133.102,105.72,97.0838,101.162,111.232,128.113,121.062,132.166,101.881,105.293,87.9735,104.328,114.052,117.803,99.17,125.042,99.2212,59.6465,110.949,98.5885,104.089
117,100.429,122.31,94.0805,69.3478,99.8359,98.046,98.6636,118.198,115.763,106.741,104.859,99.0113,75.4389,158.624,109.213,94.5289,114.091,101.769,103.131,87.4571,100.229,103.04,101.262,82.03,94.8309,116.25,134.302,99.9539,88.7774,134.952,106.695,98.1388,100.777,115.407,127.339,122.996,129.651,99.7153,105.922,87.8894,104.317,115.4,120.019,100.593,126.636,98.852,59.0148,112.308,97.5533,101.22
118,100.934,121.944,93.9333,69.9006,97.7836,96.347,97.9493,118.948,115.364,108.615,104.968,98.0914,74.9009,157.678,108.692,95.3587,115.48,103.673,102.854,87.4994,99.4664,103.603,100.779,81.6059,95.2393,116.463,135.186,101.513,89.0678,136.241,105.907,98.1428,98.9242,115.85,126.45,124.255,129.025,100.533,105.784,88.2641,104.599,117.255,117.674,101.273,128.267,98.1944,57.9772,111.321,97.392,101.328
119,100.069,122.562,92.03,70.3187,97.6432,97.1966,97.0997,119.081,113.868,107.839,104.845,96.6095,76.1567,160.079,108.02,96.3091,115.423,101.745,104.267,88.8587,97.4802,102.713,101.128,82.2667,94.8723,117.53,136.213,100.193,88.9355,139.16,104.689,99.5124,96.7219,114.902,129.164,124.785,127.128,99.7771,105.256,89.7771,105.516,116.488,116.932,101.801,126.016,98.5627,58.3108,110.797,97.3644,100.807
120,98.4893,122.469,90.43,71.2906,96.4642,95.9276,95.134,118.605,114.496,109.791,103.523,95.515,76.0402,161.364,109.102,99.4045,117.299,100.581,104.233,88.5496,96.2994,101.308,100.415,80.7506,96.3423,118.763,134.505,99.3226,87.7663,140.853,106.375,99.4293,96.9134,115.316,128.543,125.097,123.853,101.208,103.285,89.8562,105.035,115.304,115.657,103.857,125.506,99.6238,59.9059,110.573,96.2096,101.061
121,96.6341,122.025,92.2111,71.1776,98.4807,96.035,92.3232,118.143,114.802,109.211,102.483,96.9464,74.9682,160.661,110.059,98.767,117.106,98.7191,102.244,88.1196,96.0447,100.557,100.298,80.529,97.9056,117.355,138.206,97.9513,90.4886,142.674,106.366,98.3175,95.1842,113.284,129.645,124.352,128.021,100.924,104.674,90.189,101.758,113.869,115.801,103.589,123.154,101.366,58.1379,111.597,96.6727,100.738
122,96.3347,123.116,90.0928,72.1858,99.3468,95.626,92.7095,119.644,113.188,109.797,102.972,95.0363,75.7861,159.844,108.945,97.9446,117.955,96.9878,101.578,87.4634,94.8551,100.959,104.854,81.5317,98.2892,113.848,136.532,96.6592,89.325,139.341,108.689,97.0138,97.5194,113.924,130.495,124.061,129.988,101.689,104.574,90.9089,104.908,115.192,111.996,101.008,122.705,100.817,56.961,110.532,95.5268,99.348
123,94.8429,121.199,92.6819,71.6517,98.9856,96.3798,91.9507,119.34,114.75,109.522,102.431,95.3263,75.7373,157.428,110.439,99.2415,118.261,96.8641,103.478,87.285,94.4906,99.3973,104.81,81.7673,96.6779,112.883,134.291,97.1084,89.4572,138.699,107.623,94.2776,96.369,115.428,131.191,126.078,128.879,101.226,102.152,89.9614,104.391,115.541,111.794,101.777,122.596,100.257,57.4916,110.518,96.3735,99.364
124,95.118,120.968,93.1161,70.9551,99.3545,96.2227,93.0534,121.542,115.785,112.127,101.183,95.6714,75.0551,158.901,110.015,98.5945,117.082,96.6528,102.277,86.1874,93.4015,101.734,104.828,80.8884,96.2203,111.524,132.67,96.0347,89.1584,140.328,107.645,94.1568,95.7534,116.195,131.65,124.145,131.137,101.735,99.5857,88.3301,103.968,113.591,110.862,102.256,124.754,100.865,57.8602,108.822,96.1689,100.586
125,94.2109,120.438,92.7944,70.9172,100.591,96.3084,93.3247,120.141,114.272,115.575,101.412,96.4859,74.5958,159.182,112.132,98.5402,116.22,96.9223,102.952,86.8995,94.1715,100.923,102.231,81.1276,96.5641,112.333,132.705,96.1571,91.8296,136.716,108.656,95.4641,95.5949,115.594,132.185,127.874,129.305,99.9137,98.7394,88.61,103.622,113.331,110.268,102.471,124.463,101.963,57.4767,109.675,95.6394,103.437
126,94.2796,123.624,92.8469,71.7067,100.377,94.5144,93.5907,120.464,114.715,113.9,100.424,97.2629,74.941,158.608,112.89,98.8902,115.909,94.4272,102.817,85.9393,95.3626,102.411,101.879,83.5424,96.7118,112.332,132.6,97.117,92.4233,138.792,108.007,96.2063,95.4184,116.446,134.392,128.202,131.812,100.327,100.451,88.5742,101.256,111.706,109.184,99.0086,124.459,102.403,57.2713,109.825,94.3665,104.675
127,94.3567,125.114,92.8835,72.3001,102.169,94.31,94.0874,122.137,116.554,115.799,100.948,97.5227,75.1195,156.995,110.83,101.535,114.588,94.388,102.928,85.25,95.5313,101.157,103.397,83.4367,97.5916,113.216,133.747,98.2986,92.4301,136.292,110.596,95.8982,96.146,117.783,133.807,129.285,133.833,100.465,98.2357,86.0429,103.225,113.967,108.896,98.6338,123.392,102.06,57.696,111.726,92.5024,102.867
128,94.9322,125.154,93.8652,72.0529,103.17,93.2309,95.5278,122.136,115.745,115.75,102.227,99.031,73.6039,154.846,111.379,100.358,114.574,95.728,103.507,83.4154,95.461,101.272,82.6834,84.2481,99.0189,111.687,131.196,97.4909,92.3237,136.892,110.582,93.9134,95.2169,117.525,133.17,126.574,134.29,100.276,97.2739,86.3522,102.701,113.198,108.731,98.0144,123.803,105.029,57.9951,111.839,92.6124,100.554
129,95.0621,122.026,92.3859,70.6229,104.969,91.4219,98.8266,120.992,116.438,116.905,100.994,97.8974,72.3379,156.196,111.023,100.027,115.216,94.3781,102.04,83.1677,94.8808,101.331,80.6445,81.3953,97.6831,112.273,131.825,99.8376,92.2139,138.169,111.342,93.3956,95.736,116.938,134.897,123.307,134.993,97.7852,100.182,85.3937,103.445,111.163,109.08,97.4211,125.213,104.797,58.3134,111.703,92.957,100.754
130,93.969,121.854,92.8362,70.5132,105.542,92.3037,97.6842,120.063,113.299,118.431,100.221,99.0521,71.4791,155.748,111.5,98.6029,112.482,92.7676,101.092,84.54,95.4571,99.788,81.6719,82.068,96.6311,113.469,132.876,101.499,92.013,135.251,112.622,93.5059,94.3605,118.89,134.179,125.699,133.396,96.1389,100.763,86.498,101.608,111.713,108.538,98.7386,128.363,103.719,59.6107,113.837,93.3375,99.0023
131,94.5145,122.107,92.2236,69.2465,106.869,94.4058,98.5097,118.331,113.429,117.797,99.7999,97.6688,72.5256,135.546,110.478,99.1591,111.913,93.4669,100.806,85.6756,96.0899,100.703,82.9594,82.3758,95.4918,112.563,132.697,100.388,93.6313,132.685,111.886,94.988,94.9443,122.041,135.554,124.138,131.636,96.5077,102.59,85.8002,101.165,113.262,111.629,98.5907,129.405,105.547,59.567,115.381,94.0954,97.4293
132,93.9334,123.894,93.1246,68.6429,104.897,93.06,98.6477,118.339,113.328,115.281,99.7683,97.1,72.2282,133.67,111.587,98.6512,114.343,92.5865,98.7051,84.3326,95.828,101.417,82.6594,81.8142,95.5225,111.537,133.341,99.6352,92.1376,130.109,113.672,94.7139,94.1113,120.798,137.277,125.996,132.15,97.2654,102.817,86.1535,102.948,111.714,109.102,98.3962,128.928,105.829,59.6509,116.604,96.1422,97.3372
133,93.0983,125.165,93.8486,68.8911,104.718,92.1152,99.8284,118.799,115.56,112.409,99.5506,97.6016,70.1166,132.972,112.066,98.6336,116.143,91.6152,99.124,83.6296,95.0688,102.867,82.9448,81.2578,95.9385,112.372,130.497,100.86,93.5495,129.456,114.855,96.8225,94.3649,120.466,139.008,129.225,133.189,97.4712,102.091,87.0013,105.326,111.459,108.62,100.747,129.101,105.813,60.1442,115.253,97.6838,96.4869
134,93.6902,124.764,94.512,69.4511,104.07,92.6096,100.627,121.649,116.63,110.08,102.232,99.0568,70.4089,132.686,112.375,98.7668,117.189,92.0021,100.529,84.5994,96.0718,101.45,82.269,80.5796,94.8801,113.72,131.189,99.5238,102.412,129.117,113.9,95.456,94.6845,118.299,139.001,129.595,131.183,95.7159,101.967,90.2037,106.813,110.078,109.903,100.884,132.262,104.105,59.7367,115.364,97.2507,96.4233
135,94.0615,127.74,93.863,70.4664,104.634,92.4756,101.7,123.335,115.332,109.089,103.429,98.6435,68.779,134.221,113.316,97.264,119.248,91.0451,98.5864,85.5113,95.7029,98.5941,82.2836,80.578,96.4384,112.585,129.549,98.4747,101.382,131.071,115.221,95.3946,96.6416,119.227,136.817,129.52,134.54,95.0514,102.804,89.7984,107.114,109.514,109.659,100.047,131.862,104.82,60.578,114.622,96.2317,96.0063
136,93.7545,129.322,92.8212,71.3075,104.09,90.5521,101.209,123.872,116.71,107.176,103.993,96.2237,65.7535,132.421,115.978,99.2249,120.1,91.5578,98.966,86.517,95.7928,99.7508,83.3844,79.0122,94.7091,112.457,126.584,99.0675,101.366,131.152,114.125,95.2043,97.9832,120.532,139.369,132.072,132.112,94.9149,99.6653,89.685,105.466,110.168,108.737,100.511,130.719,105.073,61.3209,115.516,94.2068,95.4637
137,93.7535,129.643,91.1265,71.5831,105.166,91.5312,99.8801,126.376,119.543,107.454,103.348,96.2495,64.5963,131.362,114.967,99.0302,120.945,93.4582,97.6164,85.3322,96.9802,99.3909,82.5125,79.7175,93.012,110.535,127.66,100.079,100.443,130.224,115.708,99.269,99.7558,117.973,136.079,131.337,132.333,94.4889,98.6396,90.7903,104.055,111.391,108.723,99.8274,131.624,105.396,62.8038,115.293,94.4832,94.6517
138,94.381,126.879,91.7213,69.2375,101.906,91.9644,99.3327,125.192,118.038,107.99,104.699,94.0452,63.1518,130.2,114.085,99.0764,119.662,93.7285,96.7208,83.6111,96.5907,100.576,86.0489,80.9042,91.5777,109.311,129.106,97.2212,98.7459,131.767,115.026,98.8908,101.943,119.054,135.777,130.946,134.544,94.2831,97.8775,91.9501,104.802,110.39,108.768,98.3591,130.427,103.715,61.0802,115.513,95.3586,95.3147
139,93.7667,127.125,90.6158,68.7585,103.182,92.1378,99.2753,127.131,118.044,107.744,106.076,94.5085,63.3945,131.829,113.551,98.9894,117.505,93.124,96.2713,84.7738,95.7631,99.5591,84.2384,80.4912,92.2217,111.899,130.39,97.4684,97.3837,131.522,115.743,100.561,100.377,115.192,134.853,129.513,134.063,94.1932,98.4851,91.3261,103.714,107.846,108.553,99.3445,128.131,102.498,61.0292,118.257,94.8295,96.0565
140,96.2082,128.989,90.9427,69.3491,102.976,91.7351,100.093,129.473,116.822,107.588,108.89,95.3872,63.4714,129.691,114.715,97.8251,117.15,94.2019,95.4048,83.6171,97.0784,105.663,84.7502,80.0662,92.0948,113.153,130.246,95.7561,98.2124,130.881,116.49,97.9797,99.3782,117.011,133.156,127.451,134.058,93.0676,97.9903,92.7806,104.778,108.902,108.446,99.6627,131.575,101.963,60.5118,115.815,92.8388,94.6639
141,95.7064,129.647,91.4117,69.9437,102.631,92.2283,99.121,130.249,117.717,108.46,108.503,96.5579,63.1686,127.104,115.684,96.6374,117.767,95.0565,92.5623,83.2402,96.6961,105.301,85.549,80.2248,91.7498,110.934,132.561,95.2112,98.3135,131.213,115.789,98.1599,99.5941,117.296,132.254,126.332,133.323,95.0819,97.6144,93.8238,104.671,108.642,109.401,99.428,132.177,102.618,59.8412,116.06,92.6088,95.4714
142,95.0158,128.004,93.1573,71.1378,103.711,92.9325,98.975,131.649,115.992,109.468,107.86,96.0997,63.9687,127.459,115.06,100.801,115.963,95.5946,91.6915,83.2283,96.8225,105.389,85.4056,79.7796,90.2924,110.825,131.732,96.9413,98.0867,130.84,115.181,99.2887,99.7776,116.957,134.213,125.258,134.423,95.141,98.5034,93.7526,105.315,107.919,106.538,97.6773,131.659,103.178,59.1862,115.029,92.6806,95.3451
143,93.2737,128.066,93.6161,70.5125,104.076,90.8852,100.091,132.668,115.865,108.334,107.147,96.917,62.422,125.393,113.982,99.1855,116.863,94.0673,90.2984,83.386,98.9083,104.86,85.9015,80.6507,88.7991,111.568,131.357,96.9337,96.2147,130.248,116.019,98.4587,98.7944,120.184,134.894,125.203,135.146,95.8765,98.7499,93.6039,105.421,107.177,106.041,97.3098,131.977,102.508,60.0093,116.114,93.223,95.205
144,95.0576,124.037,93.1575,70.336,104.485,90.2777,100.314,131.68,115.46,106.733,107.277,94.1358,62.563,126.516,113.659,99.7774,118.799,94.3282,90.4312,83.0102,98.4668,106.594,84.6378,79.8373,89.007,95.9017,130.522,97.0725,96.0253,133.339,113.624,98.8855,99.1556,118.924,135.498,124.744,136.617,98.2286,97.8951,92.9793,104.953,107.531,105.392,95.4567,131.343,101.38,60.4178,116.669,93.1621,94.8716
145,95.4409,123.039,95.0532,70.009,105.005,89.3074,101.695,131.657,115.564,109.78,108.77,93.3916,64.8681,126.974,114.505,101.08,120.372,93.3428,92.4194,83.3386,97.8527,105.779,85.6523,78.0922,89.4156,96.5174,129.943,98.5014,97.006,133.646,113.226,98.0118,99.5255,118.313,132.984,124.836,135.374,97.4678,98.6258,91.561,104.466,106.59,103.275,94.9593,132.023,100.682,60.9015,115.726,91.3695,94.4113
146,96.0957,121.271,94.102,70.7153,102.736,89.3863,101.318,132.442,115.698,108.198,108.319,92.8527,63.3177,126.257,114.046,104.898,119.477,94.664,95.0942,83.8447,99.097,107.668,86.0231,78.9256,88.9538,95.3684,128.772,96.6869,96.8962,134.257,115.352,98.1493,98.8713,117.579,133.927,124.819,136.463,97.3284,98.197,90.6471,104.098,108.012,103.041,94.4234,132.665,100.414,60.9438,118.619,91.5826,93.0417
147,95.7345,119.561,94.8968,70.6152,101.746,91.4448,102.434,131.84,113.96,106.57,108.763,91.0766,63.0944,126.701,113.908,102.344,119.306,93.5196,94.6713,84.2844,98.6881,108.471,85.6764,78.1069,89.9094,95.0801,129.618,95.9125,96.3965,136.059,118.064,96.9482,99.6629,117.34,132.746,125.9,134.165,100.379,99.1243,91.6331,102.873,108.066,103.448,93.753,132.063,101.013,62.1372,117.595,91.6824,93.2127
148,94.754,119.336,95.2606,70.811,99.4172,91.5266,102.282,130.924,112.829,106.515,111.026,91.2438,63.6749,129.952,115.043,104.844,118.52,93.3166,95.4114,83.901,98.9886,120.306,85.0397,77.6552,89.377,96.2457,129.088,94.5072,96.4208,136.153,117.162,99.3262,97.2787,116.785,133.258,124.723,132.844,102.01,97.837,93.5728,104.572,106.672,103.706,93.3933,132.301,102.98,63.1369,117.614,91.8495,95.0953
149,95.2452,118.53,95.2418,69.5566,100.445,89.1619,101.966,131.731,110.102,108.74,112.172,90.6821,64.1183,130.165,114.062,107.679,120.105,94.2509,95.0814,83.59,99.6318,121.337,84.2977,77.3602,88.9574,94.5477,127.657,94.2734,96.3063,135.297,117.386,98.9197,96.535,117.441,137.6,126.096,133.252,103.034,97.4203,93.2774,101.956,106.325,102.469,92.8946,132.867,102.517,63.5258,116.363,92.5204,95.333
150,95.7651,116.504,94.624,68.8235,99.7202,87.8927,104.167,132.319,111.654,110.355,112.214,92.1663,64.1833,130.573,113.214,107.094,122.803,94.0533,95.1174,86.4573,96.5361,122.345,84.2721,77.5452,88.3212,94.4863,123.927,93.3651,95.8084,132.366,117.623,100.292,95.8401,118.331,136.53,123.054,130.586,104.372,95.2964,94.5524,101.71,107.118,101.383,91.235,134.743,105.159,62.7663,114.335,91.2576,93.7361
151,96.2194,115.853,94.2146,68.9194,100.59,87.1264,104.827,131.928,111.423,109.787,110.778,92.9121,63.6103,130.752,112.574,107.397,120.594,91.0129,95.7301,85.4381,98.4914,122.983,84.9617,76.938,88.7677,96.2136,125.041,93.7915,96.4202,132.188,116.703,102.021,97.9988,118.071,137.342,120.505,129.647,104.291,94.9889,93.6132,101.037,106.04,101.864,91.4401,135.804,102.759,61.5052,115.609,91.7094,94.2891
152,97.4762,115.478,93.7186,68.9947,100.925,86.9083,105.574,132.553,112.216,109.539,111.204,92.1902,64.2986,128.538,114.775,107.51,122.404,90.2914,96.087,86.6369,97.521,121.282,83.8009,76.7956,88.9563,96.9916,125.129,95.0145,96.0535,132.036,114.468,100.405,97.7477,118.408,138.926,122.182,129.084,104.639,94.0673,95.1657,101.544,106.969,100.602,91.1034,137.688,103.391,60.1033,112.816,90.5612,95.8544
153,97.0585,115.788,94.2186,67.8297,104.134,87.1063,105.052,133.377,109.928,112.852,113.059,92.4975,65.0268,129.716,112.854,106.828,121.339,89.2828,96.4917,87.8962,99.2108,122.183,84.4857,76.7365,90.2091,97.3085,123.803,94.0308,93.9769,134.781,114.415,99.811,96.1903,118.785,137.277,122.337,126.857,105.025,93.6947,93.4085,102.251,108.665,101.743,90.2351,136.983,103.055,59.797,113.603,91.3104,97.6267
154,96.6794,115.511,95.221,67.9785,105.935,86.9027,103.134,132.964,112.63,112.448,111.023,94.3937,65.1132,128.53,113.874,109.321,122.172,91.4729,98.5529,89.1673,97.0961,121.291,83.736,75.5709,90.0343,95.1068,122.537,95.4696,96.9015,134.23,113.18,99.0394,96.696,121.351,139.404,123.455,127.073,104.914,94.4734,95.0263,87.7486,108.356,101.41,91.0623,138.786,79.0758,60.1731,112.572,92.4931,97.2204
155,95.9479,115.674,95.8951,69.3481,107.992,86.1969,104.553,133.397,110.383,110.273,112.303,95.1687,64.5398,130.672,111.312,109.187,122.739,90.3056,96.8532,90.5225,97.0315,122.452,83.0004,77.0089,91.4697,94.3563,122.398,96.6676,96.487,136.559,113.574,98.331,95.1283,120.553,136.958,122.059,126.641,104.495,95.0885,94.2254,87.8843,107.479,100.04,89.7274,136.958,79.6247,60.578,111.848,91.6261,98.1524
156,96.0941,116.917,97.1686,68.0612,109.54,85.714,103.542,132.572,111.409,108.505,112.294,97.4775,64.8063,132.059,109.146,106.527,125.148,89.8447,97.4692,89.5782,97.1292,124.618,82.715,75.5996,92.512,95.5871,120.763,96.6413,95.0644,136.302,113.458,96.8478,97.0135,121.397,141.08,124.196,125.844,103.89,94.0286,92.2271,88.4539,107.009,101.413,88.1007,140.217,78.5819,60.1722,112.997,91.4944,96.4945
157,94.9332,116.595,96.3615,67.0384,108.744,87.733,103.141,135.142,111.932,108.504,112.976,97.5038,65.1714,131.502,108.763,104.609,127.377,91.425,98.5503,88.987,95.5442,125.105,82.5262,73.2359,91.9457,94.9278,122.184,97.3098,95.1869,134.032,113.549,97.1852,96.4946,122.405,140.062,122.551,127.163,104.624,95.9539,91.4955,88.5589,105.925,103.65,87.068,141.293,78.6278,59.189,115.191,90.2331,97.3169
158,95.1022,116.985,99.5204,67.5494,109.928,90.9606,101.756,134.332,113.204,109.152,112.077,98.3034,65.7936,131.319,108.67,105.038,124.843,89.4512,96.7848,88.7377,96.0686,125.487,81.3425,73.3276,91.9652,93.7938,123.128,97.9006,95.3215,133.432,114.07,96.1244,96.7042,121.722,139.122,120.791,126.905,106.203,96.5881,92.9795,88.8935,105.711,103.572,88.561,141.466,79.5888,58.6331,115.636,90.6757,97.6186
159,95.3088,115.775,99.9449,69.395,111.473,88.8007,102.69,133.09,113.29,110.159,111.907,97.489,66.0397,134.051,107.992,105.075,125.762,88.8718,98.8251,87.9136,95.4983,121.991,80.3522,72.9599,91.7433,94.9219,123.413,96.8534,95.3666,132.589,112.724,95.7047,95.5429,121.178,138.464,120.021,127.943,106.015,98.1551,92.9501,89.4673,106.947,104.018,89.5017,142.221,80.3185,59.0828,114.305,90.096,96.1447
160,94.4068,114.838,98.9249,68.4044,111.587,89.4902,100.293,132.984,113.045,111.165,114.022,97.2867,65.5674,134.264,107.22,104.874,125.537,91.199,99.4435,88.811,95.4572,120.679,81.2076,73.6076,90.8913,94.8586,121.555,95.6516,97.1478,131.193,114.602,95.4089,96.6944,121.25,135.732,117.988,127.847,104.835,99.6892,91.9521,88.9327,104.738,103.244,89.3905,144.545,80.1648,59.3168,114.347,89.6265,96.7064
161,94.8206,115.393,99.9161,69.3307,113.231,90.1655,100.597,130.059,111.417,111.207,115.696,95.9371,63.9414,135.045,106.156,103.945,124.225,90.3543,98.934,89.3177,94.9549,121.849,80.6421,73.7863,93.466,96.3684,122.065,95.1159,95.3749,132.257,112.79,96.0681,95.9152,120.234,136.886,117.171,128.159,106.453,101.155,91.9868,88.6942,104.166,104.803,88.8923,143.924,78.3851,58.5969,113.7,89.62,94.651
162,97.4005,113.239,99.3283,70.0895,113.783,89.6529,101.689,132.557,113.91,110.284,117.239,94.266,62.2803,132.471,107.707,102.434,124.984,92.2548,97.8579,89.4461,94.8893,117.627,80.8337,74.2237,92.7656,95.8791,124.129,77.6014,95.5477,129.608,110.852,95.1837,96.6433,122.483,137.141,116.559,127.376,106.679,102.5,91.0726,91.6786,105.423,104.49,89.3598,146.391,79.9891,58.0348,113.665,87.7877,95.1168
163,96.954,113.101,97.5333,69.5046,111.906,91.293,103.216,131.717,115.893,107.215,118.492,94.7461,63.094,130.819,108.749,101.558,126.091,93.1369,96.3431,87.992,93.2873,117.669,80.205,74.2269,90.909,95.1211,123.549,76.4981,95.9143,130,110.939,94.9805,94.3311,123.034,136.606,117.564,128.042,107.017,99.482,91.0739,90.7818,104.378,106.148,88.7804,147.367,80.1303,57.4235,113.889,87.8411,95.9616
164,97.0421,113.841,96.5268,72.1295,109.807,90.53,102.195,132.796,115.832,106.586,120.515,94.599,64.4797,130.355,111.095,101.8,127.579,91.8659,97.6575,87.2289,94.0519,118.049,79.9068,74.7466,88.9913,96.0491,127,77.1957,94.3863,132.145,111.694,93.8988,94.7826,123.111,137.151,118.674,132.536,105.923,101.072,91.1071,91.9704,105.197,103.894,89.3223,148.938,81.0252,58.3516,113.839,87.3567,95.7322
165,96.6817,114.368,95.1695,70.8944,110.822,91.1929,102.526,132.932,115.343,104.002,121.872,94.8614,64.5635,126.77,110.942,104.667,126.913,91.7876,98.7426,87.0362,93.5451,117.187,80.4221,73.8053,90.7774,96.702,125.348,77.4574,96.4269,132.701,111.081,94.7084,94.8865,123.998,136.966,118.554,135.279,105.519,100.049,92.0718,91.9003,102.54,105.746,87.8608,144.582,81.151,57.9069,113.215,86.3939,97.1047
166,97.1471,113.751,96.6479,70.6604,112.276,92.3329,102.683,133.562,115.495,101.677,122.503,95.5317,64.6706,128.383,113.62,103.701,125.762,90.8994,98.6027,85.2612,94.8782,116.814,79.4974,72.7838,90.661,95.3799,124.383,80.0935,94.6708,132.036,112.878,94.5214,95.4235,122.951,136.648,118.722,134.483,107.475,99.8474,92.9593,91.3882,102.284,106.634,87.5759,144.338,82.1322,58.163,112.546,85.1152,97.5809
167,97.09,112.201,97.3085,69.0444,110.391,92.5037,101.47,134.638,112.779,103.387,120.009,94.8385,64.8337,128.831,113.367,105.703,126.401,89.8567,97.2361,85.7111,95.7522,118.15,78.7874,73.7588,90.2228,95.1387,123.829,79.4478,95.6351,133.266,111.975,93.9721,95.2496,123.743,136.911,118.347,134.527,108.089,102.001,93.44,91.0599,100.574,108.423,86.2689,147.125,82.678,58.1436,111.871,86.5099,99.0172
168,96.6455,113.029,95.5253,68.5219,110.031,93.1113,100.21,136.206,113.521,104.841,118.547,95.6902,65.4074,126.971,112.843,105.579,127.16,89.7295,95.6318,85.0426,94.7163,118.242,78.8031,72.9082,90.3751,94.9183,124.678,81.0898,94.4898,133.581,110.038,93.5785,95.6544,123.324,135.944,118.719,134.977,108.799,101.031,93.6631,90.9783,100.881,109.285,87.0593,144.728,80.9164,58.5478,113.776,86.7377,98.8692
169,96.6397,113.421,93.3658,68.6413,111.341,93.7004,100.306,133.204,112.836,104.753,118.124,97.3252,65.5233,127.296,114.586,106.062,127.048,90.0567,93.7771,86.7122,94.3037,119.915,78.6807,72.1649,90.9545,93.3612,124.667,82.2091,93.7568,133.458,111.687,93.6206,95.6561,124.939,133.134,115.398,135.698,107.966,101.745,93.5117,90.3863,100.255,109.856,87.7406,142.747,80.7992,58.9638,112.775,89.4069,98.8538
170,97.5142,112.27,93.195,68.9455,109.996,95.3822,102.092,136.08,112.446,105.491,116.966,96.7844,66.135,130.157,115.861,107.673,127.034,89.0278,93.2852,86.625,95.5968,122.058,78.7444,72.4001,89.6541,93.3317,123.248,82.421,93.0557,130.879,111.943,93.4681,94.52,124.66,132.407,113.235,136.108,107.402,103.812,92.645,91.6994,101.221,111.516,90.058,142.133,81.1648,58.2615,114.984,88.5934,98.5416
171,99.7807,112.313,93.7246,69.7186,111.847,95.2104,104.571,133.47,113.344,106.374,116.043,97.6381,66.487,133.12,115.624,107.082,127.784,89.5404,94.3629,85.8021,94.7553,121.445,77.4512,70.7947,91.2706,94.9914,122.656,82.6864,93.5288,131.045,114.114,94.2256,94.231,125.464,132.068,113.704,135.847,110.178,103.366,91.5018,91.3939,102.257,112.93,90.6467,141.85,81.8453,59.0403,117.698,87.3608,98.1656
172,97.9795,111.926,94.6235,69.1244,113.136,94.8045,104.137,134.265,112.352,107.387,114.642,96.7778,67.6726,132.928,117.914,107.37,131.124,90.291,94.2275,85.5376,95.3997,122.856,77.2557,72.6309,90.7685,94.8199,123.653,84.0755,92.8067,129.694,112.733,94.2871,92.8979,127.219,131.698,113.163,133.91,109.382,102.731,89.7238,91.0397,102.44,115.74,91.4318,140.79,81.2429,57.7862,116.87,86.9344,99.8595
173,100.362,112.287,95.8195,68.8576,115.018,94.1497,103.796,133.337,114.003,106.45,116.437,98.1241,67.7907,133.294,118.042,106.338,131.276,90.7868,95.2861,86.3201,97.3108,123.218,76.5156,71.8826,90.8918,96.1071,124.568,82.8302,93.2746,131.677,112.9,94.7553,94.6923,125.599,132.318,115.085,134.002,110.623,103.41,88.5745,89.4585,103.67,117.513,91.8083,140.686,80.6235,58.5141,117.53,87.8743,98.5858
174,99.937,114.972,93.5118,70.15,118.327,95.1927,104.381,136.28,113.829,105.516,115.547,99.1025,68.0628,129.245,119.07,104.869,129.11,91.2658,96.2164,85.7744,96.2716,127.271,76.9959,70.6094,92.3895,96.7743,123.669,83.0617,92.1621,130.428,112.455,95.3949,96.2122,124.751,132.05,114.66,134.703,111.973,105.646,88.3009,88.706,104.431,116.404,91.0113,140.289,80.4957,57.57,118.303,87.5677,99.5038
175,98.7614,115.145,95.2866,68.6682,117.041,92.9299,104.839,134.9,114.015,105.873,118.277,99.9154,69.0088,126.945,118.894,105.146,131.376,91.86,96.063,84.8249,96.276,125.922,76.8127,70.3367,92.1063,93.7841,122.474,84.3285,92.7214,128.802,111.633,97.3787,97.4833,125.553,131.034,114.891,133.365,110.162,105.518,88.8143,87.5604,105.202,118.288,92.2546,142.826,81.0931,58.1223,117.671,90.52,101.223
176,98.6098,113.365,95.6451,68.9352,119.492,91.9235,102.835,134.06,115.787,104.622,121.344,99.4566,70.3911,127.741,119.72,104.627,133.547,93.6159,94.6635,86.5415,95.2291,125.336,75.362,68.7099,92.551,93.1059,120.406,83.2898,92.0495,127.33,110.116,97.6214,97.1355,125.119,130.37,112.387,132.968,110.359,106.077,89.5941,86.1632,106.311,115.63,93.5578,143.293,80.6699,57.8529,119.112,87.9384,101.068
177,99.0949,116.857,95.5999,68.7678,121.549,92.1729,106.539,132.592,118.084,106.084,122.61,99.5205,71.4746,129.615,119.623,104.838,133.302,94.2353,95.3573,86.5452,95.6286,126.392,75.6052,69.0617,93.3287,93.0036,121.424,82.907,93.6019,125.921,111.617,99.1745,95.4498,123.499,131.84,110.524,134.414,109.104,103.912,90.2964,85.2775,106.167,115.666,93.3193,143.914,80.472,57.7644,120.3,86.7938,102.508
178,97.4939,115.172,95.8109,68.9533,120.625,91.2043,105.596,133.195,117.801,107.826,123.686,98.6192,70.6458,130.167,118.242,106.304,131.554,96.7145,95.6338,86.0417,94.9181,127.643,74.5375,69.3109,93.8589,93.4511,121.734,86.2382,103.324,124.876,111.095,98.6681,95.7855,122.925,128.346,109.66,135.403,107.909,103.812,91.6732,86.2696,106.656,115.318,91.7193,147.651,81.0998,56.7816,120.376,85.5423,101.755
179,96.4984,114.049,94.6398,69.346,122.648,91.6992,106.892,131.579,114.679,107.552,121.303,98.6459,71.4557,131.028,122.523,104.339,132.248,96.2906,96.8456,86.4513,95.643,125.584,72.6215,69.414,96.5599,95.0873,120.786,86.7809,102.732,126.36,111.208,99.0219,96.8509,122.276,127.905,108.755,138.349,109.145,103.329,90.6867,88.4001,106.235,115.252,91.5328,149.753,81.1546,56.6561,121.519,85.3976,101.38
180,96.1756,115.391,94.2782,71.105,122.465,92.4581,104.349,131.864,114.271,108.93,119.55,98.4362,71.2927,131.368,120.196,104.853,131.064,95.2358,99.5827,87.3094,95.3912,123.658,72.8984,67.363,96.8438,93.8952,122.081,88.4468,101.988,125.966,110.358,100.922,96.9243,124.851,127.234,107.223,139.743,109.837,103.373,90.4657,90.3205,103.466,116.123,91.5358,151.217,82.9561,56.1793,120.705,85.6636,103.115
181,98.4703,115.569,94.6659,70.1371,120.1,90.4493,103.034,131.578,114.933,109.159,117.786,100.299,72.5462,127.561,121.959,105.27,132.868,93.8458,99.2678,88.1901,95.7117,122.779,75.0809,66.8567,95.9849,93.2478,119.773,88.8236,103.238,126.409,113.462,98.9724,96.887,127.011,128.478,107.345,141.588,109.137,101.554,89.3691,89.0477,103.847,115.452,89.5267,151.502,84.702,55.9342,118.038,86.1073,102.357
182,98.0883,117.329,96.2934,69.6509,119.625,91.7736,100.587,130.667,116.9,108.461,118.553,100.744,72.3312,129.542,123.585,103.748,133.445,94.7162,98.2785,89.8341,96.0981,122.106,73.8746,66.8764,97.4669,93.3897,122.513,89.9376,103.982,125.961,111.245,98.9627,96.389,127.819,127.609,105.58,141.025,111.212,101.923,88.2369,88.0381,101.211,115.956,90.2067,151.69,84.934,55.4805,117.648,86.2068,100.414
183,99.4037,114.807,95.2621,69.9469,120.928,91.757,100.896,131.973,116.157,110.021,115.774,98.8839,72.4964,127.932,123.003,104.787,134.393,95.8226,96.2932,91.1297,97.7596,124.032,73.0768,67.3096,98.1509,93.8486,121.433,89.7014,102.875,129.64,110.584,99.7943,97.79,127.424,126.44,106.336,143.426,114.49,102.659,88.9129,87.9621,100.991,115.058,89.9322,149.802,85.7759,55.8682,114.499,88.0597,99.8584
184,101.031,115.815,94.1178,69.4603,120.486,89.7679,100.365,133.811,115.04,112.345,117.008,98.4857,70.687,127.762,124.412,104.882,134.802,93.7097,96.0384,89.329,97.3357,126.304,72.7415,65.5347,96.3472,95.7251,120.578,90.331,103.617,127.881,109.241,99.2263,97.414,124.878,127.242,106.747,140.82,115.956,102.221,88.286,88.0753,101.988,116.103,91.2289,150.443,84.8774,55.1065,106.241,88.462,100.34
185,100.454,114.497,95.8942,69.1569,122.34,91.0123,102.722,132.857,114.306,112.501,118.393,99.1108,69.8335,131.547,124.31,104.256,131.104,94.0464,96.1947,89.7564,98.1119,128.535,71.3768,66.2475,96.7432,95.5306,122.357,90.211,102.069,127.346,110.696,98.9198,98.9268,125.897,125.972,108.464,141.091,117.328,103.455,88.4168,88.7405,100.758,114.133,91.3545,152.569,84.6207,55.3835,106.269,87.6293,101.305
186,98.5156,112.848,95.186,68.4277,124.488,90.2494,103.13,132.261,114.257,112.787,118.75,101.283,70.9563,131.856,123.33,105.402,133.264,95.0454,95.71,91.591,98.233,130.624,73.0376,66.0379,95.4884,96.3639,121.167,91.1142,101.021,129.704,108.73,100.184,99.1395,127.199,123.002,108.184,140.722,116.15,103.959,87.8286,90.6574,100.263,113.544,90.8588,149.502,86.2937,55.755,105.954,88.7586,100.524
187,98.4407,95.7153,93.7063,70.1115,123.817,90.5646,103.325,130.025,112.416,115.149,117.977,100.71,71.7642,129.807,123.802,107.254,133.282,94.6469,95.0437,91.4725,99.4609,133.555,72.7712,65.0759,96.4478,95.4972,123.142,89.4161,100.642,126.97,107.037,102.424,96.7705,127.887,123.9,105.546,142.878,117.042,103.595,89.0718,89.5278,98.8931,113.624,89.4173,148.726,87.7179,56.0417,104.767,89.7341,102.622
188,100.453,98.5057,94.7254,69.9935,124.162,91.8019,103.053,131.023,110.112,116.061,119.522,101.172,71.5313,131.939,125.042,106.28,130.072,93.7134,95.5893,90.4444,96.6613,134.495,72.9223,65.8404,97.6832,95.8958,123.896,89.7983,102.015,128.158,106.665,101.688,95.1151,129.539,123.678,105.4,144.116,118.147,105.254,89.0844,89.0343,96.4753,113.384,90.9999,144.914,86.1727,56.8777,105.72,88.8961,104.699
189,101.094,99.7008,94.465,71.5133,124.147,91.238,101.826,131.103,108.661,118.152,119.99,100.263,72.5933,132.491,124.959,106.155,129.714,93.456,92.6699,90.7098,97.861,135.795,71.7352,66.2116,97.9997,94.9734,122.366,87.8199,99.9832,128.126,108.348,103.049,94.856,128.174,120.639,104.326,143.172,117.963,106.501,89.6116,87.7637,97.831,115.189,91.0812,142.359,83.8081,58.0255,105.414,89.3134,102.626
190,99.3404,101.084,95.1854,71.1956,125.1,90.9189,103.683,126.762,109.732,117.875,119.723,99.7473,72.9184,133.342,121.557,106.844,128.553,92.5738,92.4565,89.5173,97.2283,134.566,71.3412,66.3622,98.4948,95.1269,122.14,86.1457,99.6627,129.921,107.565,105.145,93.9946,128.222,118.729,104.198,143.288,119.287,105.975,90.6025,86.6152,98.4145,114.214,89.7321,139.578,84.8475,57.136,105.312,90.0409,103.226
191,97.1904,100.815,95.888,71.4347,125.458,92.1611,102.569,129.063,111.363,102.034,118.764,101.46,73.7933,132.908,120.569,105.489,129.105,92.4321,91.4294,91.7741,96.3113,132.157,71.6277,66.8702,97.4994,95.4422,123.437,88.3569,101.059,129.076,109.221,104.694,95.0072,126.164,120.743,103.675,144.311,116.908,105.236,90.3235,87.5902,97.4837,113.245,90.5998,141.202,84.0946,58.2044,106.934,89.3261,102.873
192,97.229,102.69,97.4202,70.5366,125.582,92.6908,103.337,127.843,112.354,102.024,118.327,100.632,73.8765,133.406,119.683,104.137,130.744,93.215,92.6835,92.9186,96.3984,132.985,71.8234,67.6848,95.3339,97.2412,122.626,89.305,99.2534,127.398,107.053,105.94,96.5449,125.614,120.51,103.462,146.976,116.829,105.623,90.2137,87.7372,98.4269,114.649,89.5928,139.88,84.2502,59.0746,107.064,90.543,107.839
193,96.203,101.703,99.8385,70.4757,125.055,90.7765,103.789,128.981,114.491,103.585,118.525,103.135,73.6166,132.367,120.94,105.41,128.642,91.0291,91.3178,94.6455,95.827,136.008,72.6502,68.2445,93.3519,97.083,124.087,89.4865,99.845,126.7,108.724,104.768,98.0624,125.627,120.711,105.136,148.101,137.05,104.495,90.0404,87.1656,100.514,116.302,90.648,137.068,82.769,59.4348,105.081,90.124,108.176
194,95.4928,101.32,100.321,70.2209,123.568,91.9429,101.556,130.832,113.936,106.079,119.05,104.636,72.9359,133.603,121.21,105.499,130.198,90.7963,91.2088,92.7107,96.4038,138.05,71.6447,68.7502,92.4767,98.5418,126.311,88.257,100.846,122.161,109.745,106.163,99.2174,125.475,120.799,104.597,151.263,140.083,102.71,87.9195,89.2545,100.805,116.141,89.7053,138.023,83.179,59.3749,105.6,89.9899,109.691
195,95.288,100.156,100.81,70.7979,126.524,90.5645,102.467,129.069,116.454,106.186,116.618,103.393,73.9451,134.19,123.193,108.238,133.656,91.3496,91.8797,91.3944,95.4106,137.687,71.626,66.7698,92.9913,97.6536,127.761,87.2001,101.299,123.614,110.141,106.984,97.8045,125.502,120.035,104.616,149.675,140.34,100.585,85.228,88.679,101.751,116.622,89.9947,136.915,84.2245,59.8499,104.869,88.2098,110.227
196,95.8743,101.859,103.021,71.0972,125.953,91.2694,100.982,133.035,115.771,107.049,116.056,102.65,73.2787,133.5,124.603,109.141,131.756,91.455,91.82,91.5826,95.5,137.12,72.5283,67.6482,93.9403,98.0271,127.232,86.1522,101.446,127.566,109.779,107.865,97.3978,124.775,122.692,104.122,151.846,142.221,101.931,85.5799,88.2397,100.444,116.611,89.5877,137.887,82.9539,59.6689,107.961,89.1924,110.662
197,96.3836,102.509,101.203,72.1155,127.262,91.5193,100.691,132.649,117.479,106.683,116.488,104.133,73.3678,130.762,125.129,110.106,131.205,90.8788,91.7718,90.9044,97.0776,133.066,72.7152,66.939,94.5153,96.6713,124.065,84.6598,102.497,129.514,111.603,108.499,96.7437,126.337,118.513,105.237,153.377,139.58,103.943,84.5047,87.078,102.653,117.335,88.3043,135.28,82.1638,60.0867,109.733,90.5325,112.312
198,96.966,101.98,102.382,72.3395,126.106,90.3021,98.9574,132.914,114.195,107.008,118.167,102.593,74.3005,129.52,124.781,110.856,133.249,90.0276,90.1901,90.6596,95.3025,134.571,72.205,66.9036,95.0811,97.8503,123.817,84.8036,102.735,127.692,111.945,107.409,97.034,127.836,119.231,105.146,153.794,140.087,103.49,85.4707,86.2746,101.706,119.372,89.5956,134.845,82.9355,59.5387,111.756,90.1373,110.924
199,96.7372,101.368,103.244,71.0711,127.202,89.1262,99.1606,135.364,115.592,105.583,118.046,102.325,74.4894,130.174,128.164,112.822,133.949,89.622,89.6419,91.1265,95.9863,133.252,69.7766,67.0411,94.4343,96.7921,122.685,85.2436,102.02,128.145,112.054,105.802,97.7719,128.715,119.718,104.811,156.026,138.212,102.363,85.3424,85.6228,100.656,118.362,90.1706,135.827,81.2606,60.5657,110.252,89.3692,110.222
200,95.9304,100.434,106.346,71.2652,128.324,89.2967,100.202,134.28,115.548,106.237,118.388,104.168,74.6712,128.978,124.882,111.995,135.676,90.0068,90.0778,91.3885,97.4577,132.746,70.0377,64.5207,94.0687,97.1006,124.498,86.023,102.298,128.662,113.534,105.409,98.3925,129.608,115.681,102.744,155.492,138.983,103.204,85.0366,86.4631,104.088,116.645,90.3889,135.49,78.9025,60.2909,112.075,89.4249,110.799
201,94.7296,102.621,104.514,71.5744,127.893,90.3169,98.2398,137.822,115.425,107.773,116.11,102.967,74.263,129.18,125.471,111.75,134.788,89.5172,90.2551,91.7278,97.3857,131.121,68.6827,64.4297,93.3617,97.6761,126.299,85.5533,101.251,128.592,112.984,105.86,98.2812,128.82,115.084,103.056,153.678,141.386,103.725,85.7892,84.9964,102.629,116.69,89.5207,135.872,78.8994,60.2481,112.917,89.2809,109.965
202,93.9928,101.045,103.957,74.4752,127.415,89.8361,98.3651,136.725,114.217,107.15,114.369,104.528,75.2394,128.99,124.506,111.62,134.344,90.5771,91.6416,92.7812,96.4244,132.252,68.0406,64.7376,92.9487,98.3446,128.18,87.9453,100.384,129.512,113.184,106.463,96.73,128.1,116.537,100.626,152.401,144.93,104.927,86.0963,84.5175,102.34,118.045,89.3804,134.61,77.7761,60.1792,113.317,88.9699,108.996
203,93.609,99.7765,104.967,74.7537,125.682,90.4126,95.5899,137.66,113.682,106.362,114.931,104.203,77.0403,128.27,125.375,112.779,134.648,90.3012,91.9306,93.4748,97.0694,133.324,68.1737,63.8625,93.3022,97.4768,127.39,86.9495,99.247,131.237,97.049,106.92,96.0994,127.575,117.775,99.2468,153.546,145.835,102.663,84.652,83.7029,104.184,115.511,90.7137,133.584,77.2348,60.6257,111.12,89.0176,107.88
204,92.3979,98.9936,103.436,74.9911,125.189,89.3451,94.597,138.07,111.856,107.665,115.319,103.033,77.7652,127.093,125.426,114.322,134.077,90.8646,91.6955,90.9126,98.4787,137.138,68.0004,63.8754,94.3834,95.6482,127.467,87.4775,100.945,134.116,97.0945,106.568,96.6215,127.968,117.215,100.255,153.813,146.548,103.784,85.2599,84.5159,104.688,114.72,90.1897,134.014,78.0772,59.5405,112.692,88.0974,110
205,93.2289,99.0843,103.254,75.653,124.605,90.1673,93.0414,140.912,111.089,108.256,115.172,103.823,76.2276,127.461,122.482,113.588,132.718,89.8465,92.29,88.7563,97.3571,133.311,67.0782,63.0256,94.2782,96.1756,128.346,88.562,99.9879,136.848,98.1338,106.743,94.944,130.437,117.255,101.171,154.514,147.478,105.77,84.2636,84.388,105.904,115.963,91.5153,134.388,77.9778,59.4172,113.003,89.2094,109.503
206,93.5044,100.969,103.426,75.752,122.382,89.6546,92.4527,139.732,110.461,106.993,115.109,103.454,76.751,126.963,120.882,111.194,127.666,90.7455,95.4183,89.4648,96.8398,133.926,66.6893,63.2512,94.1089,95.1411,126.588,89.8072,99.9672,138.095,97.1157,106.468,94.2213,131.793,116.858,102.816,154.381,149.427,104.701,84.2028,85.6432,106.791,115.065,91.9765,133.028,77.4112,58.3791,112.59,90.1255,107.826
207,91.6626,100.969,103.164,73.568,122.082,88.9088,93.0206,138.294,112.563,107.136,117.483,102.555,77.0905,128.885,120.478,112.006,125.492,90.5308,95.9861,89.9632,96.9879,131.222,67.3442,62.7395,96.6488,94.4121,126.716,89.7517,101.247,137.107,96.6296,107.399,93.3599,132.319,121.545,101.653,153.536,150.71,103.63,83.3548,85.8406,107.392,113.114,93.8612,133.884,77.3046,58.2179,110.434,90.5908,106.483
208,92.2072,103.019,104.738,75.655,121.327,91.8058,91.1357,138.159,113.579,107.193,116.617,101.455,75.0135,129.738,122.478,112.747,125.112,89.6713,95.0149,89.7868,95.7957,130.731,66.2304,59.6441,96.7934,94.6924,126.964,91.7678,102.349,135.884,95.3031,107.347,91.6049,132.659,122.477,99.9631,153.364,152.974,102.538,84.2064,87.7985,109.827,112.958,94.4622,133.545,75.7756,57.6779,110.2,90.3374,104.627
209,95.1667,105.02,104.48,76.6427,121.025,93.8187,92.2505,139.239,114.518,107.63,114.975,101.718,72.642,131.361,122.916,113.944,125.949,89.0138,95.1887,90.5314,94.4927,127.077,66.0671,60.6831,95.3059,95.3992,128.359,91.1544,102.315,135.196,95.1337,108.135,90.9776,131.321,122.377,100.775,155.472,150.111,103.972,83.451,87.4614,112.355,113.882,94.7512,131.144,75.4026,57.2656,111.639,91.2729,103.06
210,94.6461,106.013,103.473,76.1766,121.853,95.3156,91.6158,139.831,112.173,109.438,114.743,99.3135,72.1593,132.708,125.939,113.903,124.131,88.8271,96.9868,90.0866,95.1484,127.19,66.2517,61.2148,95.7544,94.1002,127.506,92.549,102.421,136.082,96.2356,106.567,90.9076,128.912,123.998,100.105,155.594,152.026,103.625,85.1322,87.4642,114.904,113.656,95.6047,130.85,73.0133,56.9558,112.907,91.3818,103.255
211,95.128,107.532,102.963,74.8448,123.557,93.2763,90.6419,139.9,112.162,107.836,114.477,98.1631,73.0424,130.706,127.106,114.497,124.872,87.5732,93.5029,90.7844,94.5774,126.087,65.7673,61.4603,95.9522,94.6283,127.674,91.3532,103.417,134.577,94.4137,103.705,91.0516,126.435,123.42,100.524,155.117,153.141,105.137,86.0745,88.3847,115.492,116.252,97.1915,128.643,73.7449,57.3995,111.669,90.7939,102.207
212,97.0551,108.707,103.55,75.8542,124.172,94.383,89.5338,138,112.257,107.659,115.111,96.6335,73.3111,132.169,127.638,113.353,125.233,87.5354,92.324,92.615,95.3098,125.505,64.8953,62.9401,93.4471,94.994,128.799,92.3391,103.289,136.782,96.1087,103.864,89.8149,127.013,122.655,101.534,156.552,154.35,103.892,87.3235,87.2319,115.655,115.985,98.0162,128.786,73.7105,56.64,111.64,90.2694,102.841
213,97.7734,107.72,104.503,76.8907,124.068,93.318,88.8649,139.108,111.97,108.671,112.679,96.1384,73.7701,132.817,127.179,114.572,126.379,86.9436,90.1234,94.3483,95.2701,124.38,65.7687,63.2164,93.1239,96.6641,129.366,93.3894,102.98,136.719,96.2089,103.233,90.2202,130.317,122.139,101.951,157.49,158.686,103.446,86.3854,87.8071,117.12,118.072,97.8444,130.569,74.7563,56.5013,112.121,90.952,103.119
214,98.7352,107.963,105.272,76.2331,119.825,94.0463,87.749,141.36,109.763,107.847,111.203,96.6675,74.4247,131.002,125.883,114.272,124.629,87.1978,90.6896,95.113,95.7008,124.556,65.5029,62.3396,91.485,96.2534,130.363,94.7556,103.206,137.365,98.9132,104.12,89.7554,130.004,123.638,102.28,158.725,157.695,103.891,84.0898,89.7152,119.238,116.497,97.2516,129.234,75.8258,56.0153,113.812,91.8087,101.648
215,99.6721,109.143,105.052,77.8025,120.323,94.8297,86.0512,139.974,110.711,107.219,111.518,96.5474,74.9642,131.176,126.816,114.848,120.682,89.1867,90.7847,97.7702,95.5245,125.009,65.0109,61.9889,90.7425,96.7247,130.238,96.0228,101.884,140.001,96.8776,104.625,90.2767,131.756,122.699,104.074,160.506,159.504,104.825,83.5189,89.9978,119.741,118.493,100.638,129.431,75.1941,56.7662,112.697,92.7372,101.651
216,97.5754,107.457,106.442,77.2432,119.663,95.2829,83.5859,141.125,113.921,105.654,113.677,97.1887,74.7798,132.765,125.637,114.647,120.568,90.1623,91.6559,99.1368,92.4387,124.753,64.3984,62.7472,91.83,95.8387,128.85,96.7351,101.354,139,98.6217,104.885,92.2872,130.478,123.137,106.005,162.721,160.142,106.013,84.2728,89.9271,118.118,117.278,100.843,128.405,75.2825,57.5607,115.374,94.2922,99.4715
217,98.7351,110.549,106.446,77.3129,119.534,96.3541,82.3462,138.373,113.815,105.346,114.449,97.5218,74.3771,132.681,126.835,113.952,119.563,92.0486,90.2969,102.399,93.1245,124.096,64.2822,64.1895,94.1657,94.8189,126.175,96.2455,102.979,140.527,99.0102,105.22,91.9651,132.181,123.284,106.337,167.577,163.184,104.37,83.7687,89.6668,119.913,119,99.8938,132.232,75.6821,55.9911,115.24,97.3641,100.853
218,100.477,109.55,107.246,76.3731,119.47,96.6008,82.8467,138.52,114.299,102.594,113.011,97.443,74.7975,132.747,126.334,112.258,122.064,91.4124,88.5221,103.009,93.7624,126.064,63.3688,63.6772,94.395,92.8355,126.341,97.5353,103.709,139.693,100.564,108.09,90.6447,131.426,123.867,106.354,162.446,163.518,106.08,86.5942,87.7174,118.556,121.006,99.6187,130.907,76.8597,55.1293,113.276,95.3713,100.322
219,100.991,109.981,104.163,75.6106,120.936,94.0447,81.3522,138.491,113.766,103.266,114.606,97.196,74.782,134.69,126.343,112.785,118.54,91.2221,88.4544,101.538,93.6769,126.523,63.1769,62.7302,93.8108,94.4401,128.147,97.2627,105.674,139.837,98.6683,109.093,89.2476,132.309,124.437,106.023,164.196,162.533,106.736,88.5963,86.65,118.559,121.836,98.8863,131.326,77.618,54.5102,112.603,94.6614,100.112
220,102.43,110.029,104.144,74.177,122.474,93.2893,83.5428,141.535,113.863,103.845,113.189,98.3101,74.5707,135.737,126.12,112.526,118.689,89.6171,88.4642,101.653,104.04,124.048,63.0674,62.6111,93.161,93.472,128.309,95.2833,105.064,140.222,99.0543,110.096,89.058,131.893,123.045,106.687,161.846,162.178,109.184,88.9694,86.5958,117.969,120.826,99.5036,128.116,75.8779,54.3519,113.831,92.8745,100.489
221,102.294,110.937,103.064,73.9941,120.995,94.7547,83.0953,143.889,116.53,103.937,111.088,97.0713,75.0405,136.174,124.986,110.073,120.242,89.8717,87.6594,99.6536,101.291,126.153,61.9247,62.8877,92.2408,94.1241,129.648,99.0332,105.695,139.56,98.2787,111.824,89.5674,133.373,121.7,105.898,160.656,164.389,109.222,87.5282,86.2629,118.02,121.322,98.8117,128.146,74.4347,54.9781,113.678,93.0648,101.252
222,103.126,111.516,103.093,74.7906,126.121,94.7129,81.8974,143.182,115.677,104.263,112.465,97.8818,74.8374,135.005,125.665,107.821,118.597,89.0643,88.2073,99.0186,103.379,123.96,61.6838,62.905,93.7759,93.4233,128.15,98.5343,105.117,137.853,98.9282,111.783,89.8131,136.042,124.064,106.626,157.207,167.694,108.201,85.4503,86.7173,118.37,121.226,100.433,129.446,76.0014,55.2794,115.46,94.6448,99.7851
223,104.412,114.001,102.113,74.405,127.964,93.9116,82.1971,143.658,113.7,107.684,110.936,98.9235,74.2003,134.157,125.352,108.341,121.934,88.0197,86.9937,99.1152,101.417,123.898,63.1938,63.2556,94.1428,94.0799,129.518,99.5848,105.898,137.25,99.0806,111.618,89.1946,137.867,124.471,107.886,157.618,165.172,108.292,85.0448,87.0622,116.272,120.905,101.214,128.531,75.2404,54.1333,119.487,96.0248,99.7881
224,105.396,114.915,101.712,74.8702,128.328,95.0196,82.0216,141.804,112.991,107.753,111.573,99.6323,74.3683,134.224,126.468,107.719,123.331,89.0425,85.1626,99.0516,99.2516,124.445,61.2238,64.3154,93.2113,93.5106,129.98,101.7,105.834,138.09,99.2467,107.607,89.1386,138.367,123.148,110.319,163.554,164.649,108.932,84.2864,87.5947,115.145,120.077,102.186,130.081,75.2935,54.5313,122.724,96.6031,101.841
225,105.07,113.065,103.573,75.4742,129.455,95.4228,82.2903,143.7,112.096,109.452,112.382,100.121,74.4212,132.841,125.833,106.919,123.746,86.71,86.9589,99.048,98.8749,125.04,61.1103,64.8517,92.7184,93.9626,130.066,101.23,106.576,136.897,100.109,110.759,90.3029,141.859,122.768,108.975,164.841,160.328,105.487,84.5482,87.4528,115.843,122.288,103.572,130.538,74.5732,55.1494,120.245,98.7524,102.869
226,105.228,111.326,104.58,74.6697,128.94,96.332,81.6938,144.415,111.233,109.371,114.029,99.9828,75.8113,131.067,127.293,107.972,125.112,88.0316,86.3577,98.2709,96.8534,128.247,60.3179,65.0766,92.589,94.7467,131.368,101.522,106.775,138.484,100.227,110.5,88.6314,142.39,124.406,109.55,163.863,159.381,106.061,82.7891,87.2164,117.008,123.209,104.889,130.186,73.6331,55.495,120.978,100.598,103.178
227,104.653,109.465,105.416,74.7642,130.196,96.2845,82.0116,142.95,112.192,110.75,113.036,100.992,76.5404,133.855,126.295,107.638,125.495,87.9141,86.7455,98.7373,94.399,125.066,59.3743,63.2951,93.6234,94.552,130.046,101.687,104.153,140.729,100.546,112.688,89.5914,140.743,123.739,108.222,166.653,158.282,106.167,81.8947,86.9014,116.717,123.268,105.25,130.235,74.1306,56.1622,121.063,101.139,101.479
228,107.494,108.227,104.091,74.4251,129.756,96.2134,82.6916,144.512,111.244,112.453,113.979,99.9919,75.9483,134.476,128.053,105.588,127.848,86.2783,89.3112,98.2698,95.1752,126.861,58.6867,62.9774,96.5172,93.6484,128.459,101.999,104.59,141.073,103.07,112.82,89.2091,141.226,121.559,109.192,167.559,158.514,105.089,83.3706,89.4538,114.724,125.508,103.092,129.764,73.9101,56.1956,120.421,101.208,102.348
229,106.916,108.539,104.568,74.6597,133.331,95.8691,80.4507,149.099,112.665,113.31,115.394,99.5635,75.8149,134.809,129.745,108.059,127.808,86.1103,91.4677,99.1107,93.111,125.497,58.592,61.1756,95.2953,94.7156,127.599,102.32,106.709,139.824,103.901,111.342,89.1873,140.983,122.577,109.866,168.068,161.423,107.548,81.9313,90.5396,112.086,123.633,102.573,129.729,49.6391,57.4152,122.239,101.941,103.066
230,108.312,110.498,103.756,76.4991,133.739,95.7338,80.2132,146.158,115.914,114.935,115.632,98.5508,77.5012,132.814,129.28,110.612,127.689,87.1386,92.4228,99.5715,91.7,125.153,56.8582,60.5046,97.2357,96.4014,128.643,99.5137,107.45,139.788,104.843,111.155,88.6718,141.002,123.055,109.614,169.802,162.584,106.966,81.5363,92.0169,113.886,120.627,103.03,127.7,50.2701,57.6571,121.378,100.053,101.79
231,109.142,109.786,103.561,75.5467,135.513,96.4498,81.1606,146.328,116.367,115.645,113.94,99.4252,77.7109,131.166,129.211,112.368,128.544,87.4782,95.1855,100.881,93.482,125.006,56.6041,61.5351,98.1938,98.0051,128.746,98.1655,109.985,141.359,104.892,110.18,88.4265,143.408,127.267,109.308,168.799,162.821,109.37,80.8299,91.881,113.452,120.749,104.401,126.834,50.0439,57.1236,118.414,101.802,101.111
232,107.846,108.751,105.71,76.7357,134.71,94.3832,78.5679,147.544,112.433,117.165,114.395,99.0922,77.9913,131.726,130.844,112.866,129.96,87.381,96.611,99.8813,93.6291,124.551,55.9561,60.5396,96.3968,96.5617,133.948,98.189,110.683,143.248,106.532,109.419,89.2619,142.363,129.968,108.538,173.247,162.547,110.624,81.5848,92.3042,113.632,122.362,103.969,122.148,49.3963,56.9217,118.502,99.7874,101.871
233,108.576,107.807,109.555,76.4796,135.289,93.3255,79.2476,145.556,111.979,118.152,117.329,98.7173,77.2644,129.917,132.799,112.487,130.24,86.5728,94.258,99.9317,93.2864,126.274,55.4176,60.8197,95.3225,96.297,133.36,97.1737,109.279,141.75,106.771,108.425,89.8011,142.835,130.603,111.408,175.638,165.714,112.989,81.4537,92.0952,111.88,121.682,103.924,122.126,49.7633,56.3745,120.083,98.0153,101.13
234,106.247,107.134,109.125,78.0584,135.524,92.9293,78.6977,149.716,112.389,116.178,118.098,103.176,76.9186,130.188,134.014,111.941,128.091,85.3784,95.3027,101.276,92.0353,124.208,56.4222,61.19,95.4582,94.3883,129.447,95.4414,108.726,141.777,107.201,108.855,88.8094,141.977,129.943,107.866,175.45,165.412,114.684,80.6961,95.0593,112.752,121.507,103.33,121.392,49.0293,55.9238,119.581,96.8998,101.399
235,106.254,108.149,108.94,78.8844,136.129,92.8619,77.3409,150.712,112.278,118.49,118.098,105.389,78.2018,127.499,136.587,113.354,125.756,83.6297,95.5224,99.3988,91.309,123.537,56.6555,60.6451,96.571,92.9646,129.512,94.5574,106.704,142.284,108.254,109.407,88.5964,143.938,130.899,110.267,177.816,165.983,117.21,78.8235,95.0162,114.67,121.215,105.166,120.896,48.4335,55.87,119.238,96.8212,101.318
236,105.153,110.363,110.2,78.5018,135.05,94.1675,76.5414,153.031,79.4808,116.507,118.641,108.029,78.7093,128.808,136.378,113.227,125.064,85.7256,99.6826,100.326,91.6559,122.498,57.1601,60.4086,96.2168,94.23,130.499,95.2485,109.417,146.873,110.886,108.458,85.0156,142.38,133.351,110.811,175.43,166.058,118.555,78.9893,94.4382,113.114,121.482,103.873,120.227,48.3004,55.2448,118.781,96.1211,100.849
237,103.536,107.615,109.23,76.2586,133.398,94.291,74.5909,152.183,78.1597,114.957,119.616,106.682,78.7022,127.911,136.937,112.313,121.59,98.562,100.797,99.2626,90.7537,125.152,57.6934,60.8469,96.296,95.6778,129.288,96.026,107.139,147.686,110.731,108.012,82.224,143.153,132.842,113.468,175.693,164.797,120.689,78.8726,93.8229,110.776,119.47,104.925,120.99,47.9133,56.1767,120.205,96.0609,102.852
238,104.25,108.13,108.627,76.5722,131.831,96.067,74.8351,150.558,77.5945,115.086,120.919,105.939,78.9478,127.231,140.2,110.456,122.72,99.136,102.048,100.551,91.4994,124.49,58.4031,61.2856,96.2341,93.6293,129.21,95.2266,109.114,147.241,108.919,108.448,82.8893,142.164,131.341,111.57,176.528,164.794,123.829,77.9594,93.6485,109.643,117.978,103.125,121.963,48.5667,55.5294,118.372,94.6231,102.226
239,106.073,107.296,106.025,77.0639,131.544,96.1007,75.9635,150.83,78.5874,114.864,122.269,106.344,79.9396,128.7,140.312,111.374,122.336,99.1478,101.489,100.091,91.3316,126.325,58.7048,61.9302,96.9464,92.5369,126.768,95.4254,108.32,147.439,106.558,106.715,83.1992,142.569,130.607,111.915,178.168,161.738,122.505,79.8646,95.14,109.197,117.36,102.877,120.74,49.4148,56.0406,118.953,95.0125,100.959
240,103.678,107.339,106.944,77.8744,129.028,96.0775,76.4552,148.852,78.52,113.851,122.545,105.591,78.9971,132.3,140.703,112.875,120.39,98.658,102.968,100.037,91.5543,123.927,58.5765,61.4723,96.5009,90.3458,124.773,94.4373,106.422,147.07,107.585,105.518,84.1541,144.242,132.875,111.99,176.991,162.945,120.864,78.0589,94.3622,110.308,116.542,102.44,119.507,50.8687,56.8151,120.715,94.2741,102.015
241,102.506,107.49,106.562,77.8547,126.674,95.4478,75.0622,147.181,79.5566,116.988,121.128,103.341,79.4839,132.735,140.535,112.321,122.387,100.062,102.496,100.396,91.0437,125.568,58.2601,61.8196,96.8993,89.4251,125.826,97.1181,106.052,145.902,109.036,106.154,84.5481,143.628,132.204,109.375,175.897,157.854,123.856,77.0763,95.6593,107.96,116.7,103.751,118.916,51.0964,57.9035,120.073,94.7202,101.712
242,101.854,106.847,108.519,78.3145,125.095,95.269,75.4069,147.169,80.3675,119.725,122.308,104.855,79.9083,131.679,141.672,116.344,120.616,100.348,101.475,98.7143,89.665,126.488,58.1258,61.5166,96.6718,90.2056,125.15,96.2458,103.2,146.284,111.248,106.036,85.249,140.103,131.799,108.942,177.768,154.506,125.267,77.3364,95.0018,109.184,115.636,102.283,119.128,51.2403,58.3926,120.492,93.1319,102.227
243,102.588,107.629,107.416,77.6814,126.815,94.4219,74.1909,147.637,79.4816,120.898,120.079,106.285,79.9041,130.599,144.866,117.511,120.996,100.956,103.827,99.7407,88.1223,128.402,57.5252,61.0969,96.4154,90.6987,125.015,97.3903,103.653,146.748,111.112,107.308,86.1251,141.543,132.115,108.794,176.911,154.394,124.577,79.0774,95.2294,110.473,115.239,101.372,121.275,50.0497,59.5718,120.049,94.109,103.585
244,103.39,106.625,108.193,75.1819,127.297,91.0186,73.1685,146.147,79.8936,123.63,120.535,107.701,82.0147,131.717,145.507,117.541,118.699,101.273,102.583,100.965,87.5632,126.189,57.0102,62.0418,97.2759,91.7937,127.635,97.0802,103.434,147.716,111.483,107.466,87.3223,140.536,131.61,109.196,176.263,155.182,125.91,80.7877,94.9438,110.96,117.874,102.849,122.985,49.95,59.0617,120.106,91.6,100.596
245,104.602,106.094,110.885,73.8629,126.748,90.8159,74.7407,144.791,80.3028,120.538,118.324,105.809,82.2732,131.195,144.201,118.824,120.478,100.523,100.048,100.953,87.6746,127.429,57.5595,62.462,97.4254,92.1746,126.895,96.1111,102.476,148.494,111.574,109.453,87.7115,139.86,132.13,111.784,177.289,155.319,126.345,80.4251,93.2134,111.207,118.936,101.81,122.866,48.7392,59.4587,122.462,90.952,100.091
246,105.433,107.651,110.865,74.3432,128.041,91.8195,76.2316,144.935,78.5241,119.689,118.607,105.907,81.8133,130.372,144.1,119.535,119.474,102.208,98.0543,100.908,85.4167,127.948,57.9061,62.4169,98.1647,91.3455,128.412,94.2501,104.889,152.838,110.776,106.116,88.7008,139.323,131.45,114.453,175.337,152.686,127.467,79.3381,93.6362,111.312,118.257,101.36,123.294,49.665,58.6045,122.036,91.2907,98.6837
247,104.126,106.967,109.759,73.7186,127.483,92.5371,77.3488,145.822,78.832,118.501,125.644,105.922,81.9994,132.703,142.995,121.44,118.701,100.4,97.2759,100.704,86.849,128.57,58.1821,62.3015,100.035,91.766,126.248,91.8887,105.926,153.584,109.824,104.84,86.9707,138.283,135.136,114.38,174.22,152.409,127.165,78.4286,94.1321,110.886,117.513,102.056,124.069,49.7095,57.0487,121.838,90.8859,97.9223
248,106.641,107.369,109.068,73.7891,125.933,91.2453,76.7703,147.152,79.4418,119.886,127.607,105.304,80.1148,130.934,142.707,121.969,118.843,99.472,98.2832,100.455,88.1353,128.52,58.403,62.2099,99.6851,92.4,122.027,92.4595,105.007,152.852,109.208,105.831,87.4378,136.66,135.369,113.602,172.869,151.275,126.151,76.1529,93.3038,108.465,118.5,102.548,121.986,50.1298,57.5414,120.956,91.1826,99.6012
249,105.108,107.061,109.656,75.1519,127.525,88.668,75.6693,152.998,79.9779,120.29,125.456,103.799,81.2003,132.491,144.233,123.288,121.12,99.0277,97.942,100.896,89.7732,126.708,58.9808,61.2367,99.297,94.324,122.695,90.8337,108.254,154.237,109.295,105.97,87.4573,137.968,136.667,113.265,172.802,149.048,128.089,75.8156,93.1308,108.055,119.481,103.404,121.288,50.3585,56.9938,119.1,90.5331,99.3167
250,104.696,106.137,112.441,76.8526,126.211,88.6592,76.6956,154.074,79.9021,120.489,126.219,104.573,80.5492,131.815,142.561,124.58,121.73,99.6246,99.0571,99.1016,87.4531,127.362,58.7271,61.7866,100.46,94.0937,122.248,90.4589,108.003,154.248,108.917,104.414,88.3328,139.05,138.245,113.7,172.449,151.995,125.555,76.2118,94.5157,110.172,119.942,104.733,121.655,49.8686,57.4367,120.804,91.2974,98.4422
251,104.694,104.252,112.765,79.7444,126.459,88.7425,77.9103,154.119,79.9723,121.607,128.548,104.502,80.2899,134.665,140.719,125.352,120.791,99.0957,99.3158,98.4072,88.6482,128.738,58.796,60.566,100.578,93.3192,123.501,89.6131,107.798,157.761,109.392,103.186,87.591,142.145,139.188,115.595,170.284,154.069,122.99,76.0847,94.739,110.021,122.446,105.042,120.071,49.8067,56.7928,122.347,90.3944,98.5658
252,105.216,103.042,113.693,79.079,124.745,88.0205,78.1661,154.025,78.9796,122.869,127.396,105.412,81.6835,132.193,140.702,128.006,119.273,98.9428,97.3375,96.9442,88.908,128.455,58.5798,60.4823,99.68,92.7475,124.331,86.9367,107.37,159.434,109.93,104.24,88.0136,142.652,139.315,115.112,169.736,152.923,120.291,75.1451,94.3635,110.498,121.274,106.236,119.64,51.1881,55.4097,123.316,93.5956,97.666
